origin,body,frame,dt_bin,n_pairs,dt_median_min,sep_median,sep_p90
Asc G-AZ,MO,G-AZ_x_G-LON,<=15,54228,3.0,2.0,7.0
Asc G-AZ,MO,G-AZ_x_G-LON,15-30,10357,25.0,3.0,7.0
Asc G-AZ,MO,G-AZ_x_G-LON,30-45,15407,32.0,3.0,7.0
Asc G-AZ,MO,G-AZ_x_G-LON,45-90,53296,60.0,2.0,7.0
Asc G-AZ,MO,G-AZ_x_G-LON,90-180,70030,125.0,3.0,11.0
Asc G-AZ,MO,G-AZ_x_G-LON,180-360,65469,211.0,10.0,31.0
Asc G-AZ,MO,G-AZ_x_G-LON,>360,28565,418.0,25.0,35.0
Asc G-AZ,MO,G-AZ_x_G-RA,<=15,54228,3.0,2.0,7.0
Asc G-AZ,MO,G-AZ_x_G-RA,15-30,10357,25.0,3.0,7.0
Asc G-AZ,MO,G-AZ_x_G-RA,30-45,15407,32.0,3.0,7.0
Asc G-AZ,MO,G-AZ_x_G-RA,45-90,53296,60.0,2.0,7.0
Asc G-AZ,MO,G-AZ_x_G-RA,90-180,70030,125.0,3.0,11.0
Asc G-AZ,MO,G-AZ_x_G-RA,180-360,65469,211.0,10.0,31.0
Asc G-AZ,MO,G-AZ_x_G-RA,>360,28565,418.0,25.0,35.0
Asc G-LON,MO,G-LON_x_G-AZ,<=15,54228,3.0,3.0,13.0
Asc G-LON,MO,G-LON_x_G-AZ,15-30,10357,25.0,4.0,15.0
Asc G-LON,MO,G-LON_x_G-AZ,30-45,15407,32.0,3.0,14.0
Asc G-LON,MO,G-LON_x_G-AZ,45-90,53296,60.0,3.0,13.0
Asc G-LON,MO,G-LON_x_G-AZ,90-180,70030,125.0,5.0,17.0
Asc G-LON,MO,G-LON_x_G-AZ,180-360,65469,211.0,10.0,52.0
Asc G-LON,MO,G-LON_x_G-AZ,>360,28565,418.0,23.0,73.0
Asc G-LON,MO,G-LON_x_G-RA,<=15,54228,3.0,5.0,15.0
Asc G-LON,MO,G-LON_x_G-RA,15-30,10357,25.0,6.0,18.0
Asc G-LON,MO,G-LON_x_G-RA,30-45,15407,32.0,6.0,17.0
Asc G-LON,MO,G-LON_x_G-RA,45-90,53296,60.0,5.0,16.0
Asc G-LON,MO,G-LON_x_G-RA,90-180,70030,125.0,6.0,31.0
Asc G-LON,MO,G-LON_x_G-RA,180-360,65469,211.0,43.0,82.0
Asc G-LON,MO,G-LON_x_G-RA,>360,28565,418.0,75.0,101.0
Asc G-RA,MO,G-RA_x_G-AZ,<=15,54228,3.0,3.0,13.0
Asc G-RA,MO,G-RA_x_G-AZ,15-30,10357,25.0,4.0,14.0
Asc G-RA,MO,G-RA_x_G-AZ,30-45,15407,32.0,3.0,14.0
Asc G-RA,MO,G-RA_x_G-AZ,45-90,53296,60.0,3.0,13.0
Asc G-RA,MO,G-RA_x_G-AZ,90-180,70030,125.0,5.0,17.0
Asc G-RA,MO,G-RA_x_G-AZ,180-360,65469,211.0,10.0,53.0
Asc G-RA,MO,G-RA_x_G-AZ,>360,28565,418.0,24.0,76.0
Asc G-RA,MO,G-RA_x_G-LON,<=15,54228,3.0,5.0,15.0
Asc G-RA,MO,G-RA_x_G-LON,15-30,10357,25.0,6.0,17.0
Asc G-RA,MO,G-RA_x_G-LON,30-45,15407,32.0,6.0,17.0
Asc G-RA,MO,G-RA_x_G-LON,45-90,53296,60.0,5.0,15.0
Asc G-RA,MO,G-RA_x_G-LON,90-180,70030,125.0,6.0,31.0
Asc G-RA,MO,G-RA_x_G-LON,180-360,65469,211.0,43.0,85.0
Asc G-RA,MO,G-RA_x_G-LON,>360,28565,418.0,74.0,104.0
Asc,CE,G-AZ,<=15,54228,3.0,6.0,21.0
Asc,CE,G-AZ,15-30,10357,25.0,7.0,25.0
Asc,CE,G-AZ,30-45,15407,32.0,6.0,24.0
Asc,CE,G-AZ,45-90,53296,60.0,6.0,21.0
Asc,CE,G-AZ,90-180,70030,125.0,8.0,35.0
Asc,CE,G-AZ,180-360,65469,211.0,34.0,120.0
Asc,CE,G-AZ,>360,28565,418.0,83.0,141.0
Asc,CE,G-LON,<=15,54228,3.0,5.0,15.0
Asc,CE,G-LON,15-30,10357,25.0,6.0,18.0
Asc,CE,G-LON,30-45,15407,32.0,6.0,17.0
Asc,CE,G-LON,45-90,53296,60.0,5.0,16.0
Asc,CE,G-LON,90-180,70030,125.0,7.0,32.0
Asc,CE,G-LON,180-360,65469,211.0,46.0,85.0
Asc,CE,G-LON,>360,28565,418.0,79.0,105.0
Asc,CE,G-RA,<=15,54228,3.0,5.0,15.0
Asc,CE,G-RA,15-30,10357,25.0,6.0,18.0
Asc,CE,G-RA,30-45,15407,32.0,6.0,17.0
Asc,CE,G-RA,45-90,53296,60.0,5.0,16.0
Asc,CE,G-RA,90-180,70030,125.0,7.0,32.0
Asc,CE,G-RA,180-360,65469,211.0,45.0,87.0
Asc,CE,G-RA,>360,28565,418.0,77.0,108.0
Asc,JN,G-AZ,<=15,54228,3.0,6.0,17.0
Asc,JN,G-AZ,15-30,10357,25.0,6.0,21.0
Asc,JN,G-AZ,30-45,15407,32.0,6.0,20.0
Asc,JN,G-AZ,45-90,53296,60.0,5.0,18.0
Asc,JN,G-AZ,90-180,70030,125.0,7.0,31.0
Asc,JN,G-AZ,180-360,65469,211.0,35.0,99.0
Asc,JN,G-AZ,>360,28565,418.0,78.0,120.0
Asc,JN,G-LON,<=15,54228,3.0,5.0,15.0
Asc,JN,G-LON,15-30,10357,25.0,6.0,18.0
Asc,JN,G-LON,30-45,15407,32.0,6.0,17.0
Asc,JN,G-LON,45-90,53296,60.0,5.0,16.0
Asc,JN,G-LON,90-180,70030,125.0,7.0,32.0
Asc,JN,G-LON,180-360,65469,211.0,46.0,85.0
Asc,JN,G-LON,>360,28565,418.0,79.0,105.0
Asc,JN,G-RA,<=15,54228,3.0,5.0,15.0
Asc,JN,G-RA,15-30,10357,25.0,6.0,18.0
Asc,JN,G-RA,30-45,15407,32.0,6.0,17.0
Asc,JN,G-RA,45-90,53296,60.0,5.0,16.0
Asc,JN,G-RA,90-180,70030,125.0,7.0,32.0
Asc,JN,G-RA,180-360,65469,211.0,45.0,87.0
Asc,JN,G-RA,>360,28565,418.0,77.0,108.0
Asc,JU,G-AZ,<=15,54228,3.0,6.0,18.0
Asc,JU,G-AZ,15-30,10357,25.0,6.0,22.0
Asc,JU,G-AZ,30-45,15407,32.0,6.0,22.0
Asc,JU,G-AZ,45-90,53296,60.0,5.0,19.0
Asc,JU,G-AZ,90-180,70030,125.0,7.0,30.0
Asc,JU,G-AZ,180-360,65469,211.0,32.0,107.0
Asc,JU,G-AZ,>360,28565,418.0,79.0,127.0
Asc,JU,G-LON,<=15,54228,3.0,5.0,15.0
Asc,JU,G-LON,15-30,10357,25.0,6.0,18.0
Asc,JU,G-LON,30-45,15407,32.0,6.0,17.0
Asc,JU,G-LON,45-90,53296,60.0,5.0,16.0
Asc,JU,G-LON,90-180,70030,125.0,7.0,32.0
Asc,JU,G-LON,180-360,65469,211.0,46.0,85.0
Asc,JU,G-LON,>360,28565,418.0,79.0,105.0
Asc,JU,G-RA,<=15,54228,3.0,5.0,15.0
Asc,JU,G-RA,15-30,10357,25.0,6.0,17.0
Asc,JU,G-RA,30-45,15407,32.0,6.0,17.0
Asc,JU,G-RA,45-90,53296,60.0,5.0,16.0
Asc,JU,G-RA,90-180,70030,125.0,7.0,32.0
Asc,JU,G-RA,180-360,65469,211.0,45.0,87.0
Asc,JU,G-RA,>360,28565,418.0,77.0,108.0
Asc,MA,G-AZ,<=15,54228,3.0,6.0,19.0
Asc,MA,G-AZ,15-30,10357,25.0,7.0,24.0
Asc,MA,G-AZ,30-45,15407,32.0,6.0,23.0
Asc,MA,G-AZ,45-90,53296,60.0,6.0,20.0
Asc,MA,G-AZ,90-180,70030,125.0,7.0,34.0
Asc,MA,G-AZ,180-360,65469,211.0,35.0,114.0
Asc,MA,G-AZ,>360,28565,418.0,89.0,132.0
Asc,MA,G-LON,<=15,54228,3.0,5.0,15.0
Asc,MA,G-LON,15-30,10357,25.0,6.0,18.0
Asc,MA,G-LON,30-45,15407,32.0,6.0,17.0
Asc,MA,G-LON,45-90,53296,60.0,5.0,16.0
Asc,MA,G-LON,90-180,70030,125.0,7.0,32.0
Asc,MA,G-LON,180-360,65469,211.0,46.0,85.0
Asc,MA,G-LON,>360,28565,418.0,79.0,105.0
Asc,MA,G-RA,<=15,54228,3.0,5.0,15.0
Asc,MA,G-RA,15-30,10357,25.0,6.0,18.0
Asc,MA,G-RA,30-45,15407,32.0,6.0,17.0
Asc,MA,G-RA,45-90,53296,60.0,5.0,16.0
Asc,MA,G-RA,90-180,70030,125.0,7.0,32.0
Asc,MA,G-RA,180-360,65469,211.0,45.0,87.0
Asc,MA,G-RA,>360,28565,418.0,77.0,108.0
Asc,ME,G-AZ,<=15,54228,3.0,5.0,18.0
Asc,ME,G-AZ,15-30,10357,25.0,6.0,25.0
Asc,ME,G-AZ,30-45,15407,32.0,6.0,24.0
Asc,ME,G-AZ,45-90,53296,60.0,5.0,18.0
Asc,ME,G-AZ,90-180,70030,125.0,7.0,35.0
Asc,ME,G-AZ,180-360,65469,211.0,35.0,112.0
Asc,ME,G-AZ,>360,28565,418.0,94.0,132.0
Asc,ME,G-LON,<=15,54228,3.0,5.0,15.0
Asc,ME,G-LON,15-30,10357,25.0,6.0,18.0
Asc,ME,G-LON,30-45,15407,32.0,6.0,17.0
Asc,ME,G-LON,45-90,53296,60.0,5.0,16.0
Asc,ME,G-LON,90-180,70030,125.0,7.0,32.0
Asc,ME,G-LON,180-360,65469,211.0,46.0,84.0
Asc,ME,G-LON,>360,28565,418.0,79.0,104.0
Asc,ME,G-RA,<=15,54228,3.0,5.0,15.0
Asc,ME,G-RA,15-30,10357,25.0,6.0,17.399999999999636
Asc,ME,G-RA,30-45,15407,32.0,6.0,17.0
Asc,ME,G-RA,45-90,53296,60.0,5.0,16.0
Asc,ME,G-RA,90-180,70030,125.0,7.0,32.0
Asc,ME,G-RA,180-360,65469,211.0,45.0,87.0
Asc,ME,G-RA,>360,28565,418.0,77.0,108.0
Asc,MO,G-AZ,<=15,54228,3.0,6.0,19.0
Asc,MO,G-AZ,15-30,10357,25.0,6.0,22.0
Asc,MO,G-AZ,30-45,15407,32.0,6.0,22.0
Asc,MO,G-AZ,45-90,53296,60.0,5.0,19.0
Asc,MO,G-AZ,90-180,70030,125.0,7.0,31.0
Asc,MO,G-AZ,180-360,65469,211.0,31.0,106.0
Asc,MO,G-AZ,>360,28565,418.0,76.0,125.0
Asc,MO,G-LON,<=15,54228,3.0,5.0,15.0
Asc,MO,G-LON,15-30,10357,25.0,6.0,18.0
Asc,MO,G-LON,30-45,15407,32.0,6.0,17.0
Asc,MO,G-LON,45-90,53296,60.0,5.0,16.0
Asc,MO,G-LON,90-180,70030,125.0,6.0,31.0
Asc,MO,G-LON,180-360,65469,211.0,44.0,82.0
Asc,MO,G-LON,>360,28565,418.0,75.0,101.0
Asc,MO,G-RA,<=15,54228,3.0,5.0,15.0
Asc,MO,G-RA,15-30,10357,25.0,6.0,17.0
Asc,MO,G-RA,30-45,15407,32.0,6.0,17.0
Asc,MO,G-RA,45-90,53296,60.0,5.0,15.0
Asc,MO,G-RA,90-180,70030,125.0,6.0,31.0
Asc,MO,G-RA,180-360,65469,211.0,43.0,85.0
Asc,MO,G-RA,>360,28565,418.0,74.0,104.0
Asc,NE,G-AZ,<=15,54228,3.0,7.0,19.0
Asc,NE,G-AZ,15-30,10357,25.0,7.0,21.0
Asc,NE,G-AZ,30-45,15407,32.0,6.0,21.0
Asc,NE,G-AZ,45-90,53296,60.0,6.0,20.0
Asc,NE,G-AZ,90-180,70030,125.0,8.0,31.0
Asc,NE,G-AZ,180-360,65469,211.0,33.0,107.0
Asc,NE,G-AZ,>360,28565,418.0,88.0,125.0
Asc,NE,G-LON,<=15,54228,3.0,5.0,15.0
Asc,NE,G-LON,15-30,10357,25.0,6.0,18.0
Asc,NE,G-LON,30-45,15407,32.0,6.0,17.0
Asc,NE,G-LON,45-90,53296,60.0,5.0,16.0
Asc,NE,G-LON,90-180,70030,125.0,7.0,32.0
Asc,NE,G-LON,180-360,65469,211.0,46.0,85.0
Asc,NE,G-LON,>360,28565,418.0,79.0,105.0
Asc,NE,G-RA,<=15,54228,3.0,5.0,15.0
Asc,NE,G-RA,15-30,10357,25.0,6.0,18.0
Asc,NE,G-RA,30-45,15407,32.0,6.0,17.0
Asc,NE,G-RA,45-90,53296,60.0,5.0,16.0
Asc,NE,G-RA,90-180,70030,125.0,7.0,32.0
Asc,NE,G-RA,180-360,65469,211.0,45.0,88.0
Asc,NE,G-RA,>360,28565,418.0,77.0,108.0
Asc,NN,G-AZ,<=15,54228,3.0,6.0,18.0
Asc,NN,G-AZ,15-30,10357,25.0,6.0,22.0
Asc,NN,G-AZ,30-45,15407,32.0,6.0,22.0
Asc,NN,G-AZ,45-90,53296,60.0,5.0,19.0
Asc,NN,G-AZ,90-180,70030,125.0,7.0,31.0
Asc,NN,G-AZ,180-360,65469,211.0,33.0,107.0
Asc,NN,G-AZ,>360,28565,418.0,80.0,127.0
Asc,NN,G-LON,<=15,54228,3.0,5.0,15.0
Asc,NN,G-LON,15-30,10357,25.0,6.0,18.0
Asc,NN,G-LON,30-45,15407,32.0,6.0,17.0
Asc,NN,G-LON,45-90,53296,60.0,5.0,16.0
Asc,NN,G-LON,90-180,70030,125.0,7.0,32.0
Asc,NN,G-LON,180-360,65469,211.0,46.0,85.0
Asc,NN,G-LON,>360,28565,418.0,79.0,105.0
Asc,NN,G-RA,<=15,54228,3.0,5.0,15.0
Asc,NN,G-RA,15-30,10357,25.0,6.0,18.0
Asc,NN,G-RA,30-45,15407,32.0,6.0,17.0
Asc,NN,G-RA,45-90,53296,60.0,5.0,16.0
Asc,NN,G-RA,90-180,70030,125.0,7.0,32.0
Asc,NN,G-RA,180-360,65469,211.0,45.0,88.0
Asc,NN,G-RA,>360,28565,418.0,78.0,108.0
Asc,PA,G-AZ,<=15,54228,3.0,5.0,18.0
Asc,PA,G-AZ,15-30,10357,25.0,5.0,21.0
Asc,PA,G-AZ,30-45,15407,32.0,5.0,19.0
Asc,PA,G-AZ,45-90,53296,60.0,5.0,19.0
Asc,PA,G-AZ,90-180,70030,125.0,6.0,30.0
Asc,PA,G-AZ,180-360,65469,211.0,31.0,100.0
Asc,PA,G-AZ,>360,28565,418.0,63.0,128.0
Asc,PA,G-LON,<=15,54228,3.0,5.0,15.0
Asc,PA,G-LON,15-30,10357,25.0,6.0,18.0
Asc,PA,G-LON,30-45,15407,32.0,6.0,17.0
Asc,PA,G-LON,45-90,53296,60.0,5.0,16.0
Asc,PA,G-LON,90-180,70030,125.0,7.0,32.0
Asc,PA,G-LON,180-360,65469,211.0,46.0,85.0
Asc,PA,G-LON,>360,28565,418.0,79.0,105.0
Asc,PA,G-RA,<=15,54228,3.0,5.0,15.0
Asc,PA,G-RA,15-30,10357,25.0,6.0,18.0
Asc,PA,G-RA,30-45,15407,32.0,6.0,17.0
Asc,PA,G-RA,45-90,53296,60.0,5.0,16.0
Asc,PA,G-RA,90-180,70030,125.0,7.0,32.0
Asc,PA,G-RA,180-360,65469,211.0,45.0,87.0
Asc,PA,G-RA,>360,28565,418.0,77.0,108.0
Asc,PFdn,G-LON,<=15,54228,3.0,0.0,0.0
Asc,PFdn,G-LON,15-30,10357,25.0,0.0,1.0
Asc,PFdn,G-LON,30-45,15407,32.0,0.0,1.0
Asc,PFdn,G-LON,45-90,53296,60.0,1.0,1.0
Asc,PFdn,G-LON,90-180,70030,125.0,1.0,2.0
Asc,PFdn,G-LON,180-360,65469,211.0,2.0,3.0
Asc,PFdn,G-LON,>360,28565,418.0,4.0,26.0
Asc,PFdn,G-RA,<=15,54228,3.0,0.0,2.0
Asc,PFdn,G-RA,15-30,10357,25.0,0.0,2.0
Asc,PFdn,G-RA,30-45,15407,32.0,1.0,2.0
Asc,PFdn,G-RA,45-90,53296,60.0,1.0,2.0
Asc,PFdn,G-RA,90-180,70030,125.0,1.0,5.0
Asc,PFdn,G-RA,180-360,65469,211.0,2.0,11.0
Asc,PFdn,G-RA,>360,28565,418.0,5.0,25.0
Asc,PFff,G-LON,<=15,54228,3.0,0.0,0.0
Asc,PFff,G-LON,15-30,10357,25.0,0.0,1.0
Asc,PFff,G-LON,30-45,15407,32.0,0.0,1.0
Asc,PFff,G-LON,45-90,53296,60.0,1.0,1.0
Asc,PFff,G-LON,90-180,70030,125.0,1.0,2.0
Asc,PFff,G-LON,180-360,65469,211.0,2.0,3.0
Asc,PFff,G-LON,>360,28565,418.0,4.0,5.0
Asc,PFff,G-RA,<=15,54228,3.0,0.0,1.0
Asc,PFff,G-RA,15-30,10357,25.0,0.0,2.0
Asc,PFff,G-RA,30-45,15407,32.0,0.0,1.3999999999996362
Asc,PFff,G-RA,45-90,53296,60.0,1.0,2.0
Asc,PFff,G-RA,90-180,70030,125.0,1.0,3.0
Asc,PFff,G-RA,180-360,65469,211.0,2.0,7.0
Asc,PFff,G-RA,>360,28565,418.0,4.0,11.0
Asc,PL,G-AZ,<=15,54228,3.0,6.0,20.0
Asc,PL,G-AZ,15-30,10357,25.0,7.0,25.0
Asc,PL,G-AZ,30-45,15407,32.0,7.0,24.0
Asc,PL,G-AZ,45-90,53296,60.0,6.0,20.0
Asc,PL,G-AZ,90-180,70030,125.0,8.0,34.0
Asc,PL,G-AZ,180-360,65469,211.0,41.0,109.0
Asc,PL,G-AZ,>360,28565,418.0,89.0,127.0
Asc,PL,G-LON,<=15,54228,3.0,5.0,15.0
Asc,PL,G-LON,15-30,10357,25.0,6.0,18.0
Asc,PL,G-LON,30-45,15407,32.0,6.0,17.0
Asc,PL,G-LON,45-90,53296,60.0,5.0,16.0
Asc,PL,G-LON,90-180,70030,125.0,7.0,32.0
Asc,PL,G-LON,180-360,65469,211.0,46.0,85.0
Asc,PL,G-LON,>360,28565,418.0,79.0,105.0
Asc,PL,G-RA,<=15,54228,3.0,5.0,15.0
Asc,PL,G-RA,15-30,10357,25.0,6.0,18.0
Asc,PL,G-RA,30-45,15407,32.0,6.0,17.0
Asc,PL,G-RA,45-90,53296,60.0,5.0,16.0
Asc,PL,G-RA,90-180,70030,125.0,7.0,32.0
Asc,PL,G-RA,180-360,65469,211.0,45.0,88.0
Asc,PL,G-RA,>360,28565,418.0,78.0,108.0
Asc,SA,G-AZ,<=15,54228,3.0,6.0,19.0
Asc,SA,G-AZ,15-30,10357,25.0,7.0,23.0
Asc,SA,G-AZ,30-45,15407,32.0,6.0,22.0
Asc,SA,G-AZ,45-90,53296,60.0,6.0,19.0
Asc,SA,G-AZ,90-180,70030,125.0,7.0,33.0
Asc,SA,G-AZ,180-360,65469,211.0,34.0,109.0
Asc,SA,G-AZ,>360,28565,418.0,85.0,129.0
Asc,SA,G-LON,<=15,54228,3.0,5.0,15.0
Asc,SA,G-LON,15-30,10357,25.0,6.0,18.0
Asc,SA,G-LON,30-45,15407,32.0,6.0,17.0
Asc,SA,G-LON,45-90,53296,60.0,5.0,16.0
Asc,SA,G-LON,90-180,70030,125.0,7.0,32.0
Asc,SA,G-LON,180-360,65469,211.0,46.0,85.0
Asc,SA,G-LON,>360,28565,418.0,79.0,105.0
Asc,SA,G-RA,<=15,54228,3.0,5.0,15.0
Asc,SA,G-RA,15-30,10357,25.0,6.0,18.0
Asc,SA,G-RA,30-45,15407,32.0,6.0,17.0
Asc,SA,G-RA,45-90,53296,60.0,5.0,16.0
Asc,SA,G-RA,90-180,70030,125.0,7.0,32.0
Asc,SA,G-RA,180-360,65469,211.0,45.0,88.0
Asc,SA,G-RA,>360,28565,418.0,77.0,108.0
Asc,SU,G-AZ,<=15,54228,3.0,5.0,19.0
Asc,SU,G-AZ,15-30,10357,25.0,7.0,31.0
Asc,SU,G-AZ,30-45,15407,32.0,7.0,28.0
Asc,SU,G-AZ,45-90,53296,60.0,4.0,21.0
Asc,SU,G-AZ,90-180,70030,125.0,6.0,42.0
Asc,SU,G-AZ,180-360,65469,211.0,43.0,103.0
Asc,SU,G-AZ,>360,28565,418.0,89.0,127.0
Asc,SU,G-LON,<=15,54228,3.0,5.0,15.0
Asc,SU,G-LON,15-30,10357,25.0,6.0,18.0
Asc,SU,G-LON,30-45,15407,32.0,6.0,17.0
Asc,SU,G-LON,45-90,53296,60.0,5.0,16.0
Asc,SU,G-LON,90-180,70030,125.0,7.0,32.0
Asc,SU,G-LON,180-360,65469,211.0,46.0,84.0
Asc,SU,G-LON,>360,28565,418.0,79.0,104.0
Asc,SU,G-RA,<=15,54228,3.0,5.0,15.0
Asc,SU,G-RA,15-30,10357,25.0,6.0,18.0
Asc,SU,G-RA,30-45,15407,32.0,6.0,17.0
Asc,SU,G-RA,45-90,53296,60.0,5.0,16.0
Asc,SU,G-RA,90-180,70030,125.0,7.0,32.0
Asc,SU,G-RA,180-360,65469,211.0,45.0,87.0
Asc,SU,G-RA,>360,28565,418.0,77.0,108.0
Asc,UR,G-AZ,<=15,54228,3.0,5.0,17.0
Asc,UR,G-AZ,15-30,10357,25.0,5.0,20.0
Asc,UR,G-AZ,30-45,15407,32.0,5.0,20.0
Asc,UR,G-AZ,45-90,53296,60.0,5.0,18.0
Asc,UR,G-AZ,90-180,70030,125.0,6.0,31.0
Asc,UR,G-AZ,180-360,65469,211.0,30.0,103.0
Asc,UR,G-AZ,>360,28565,418.0,70.0,124.0
Asc,UR,G-LON,<=15,54228,3.0,5.0,15.0
Asc,UR,G-LON,15-30,10357,25.0,6.0,18.0
Asc,UR,G-LON,30-45,15407,32.0,6.0,17.0
Asc,UR,G-LON,45-90,53296,60.0,5.0,16.0
Asc,UR,G-LON,90-180,70030,125.0,7.0,32.0
Asc,UR,G-LON,180-360,65469,211.0,46.0,85.0
Asc,UR,G-LON,>360,28565,418.0,79.0,105.0
Asc,UR,G-RA,<=15,54228,3.0,5.0,15.0
Asc,UR,G-RA,15-30,10357,25.0,6.0,18.0
Asc,UR,G-RA,30-45,15407,32.0,6.0,17.0
Asc,UR,G-RA,45-90,53296,60.0,5.0,16.0
Asc,UR,G-RA,90-180,70030,125.0,7.0,32.0
Asc,UR,G-RA,180-360,65469,211.0,45.0,88.0
Asc,UR,G-RA,>360,28565,418.0,77.0,108.0
Asc,VE,G-AZ,<=15,54228,3.0,5.0,18.0
Asc,VE,G-AZ,15-30,10357,25.0,6.0,21.0
Asc,VE,G-AZ,30-45,15407,32.0,6.0,21.0
Asc,VE,G-AZ,45-90,53296,60.0,5.0,17.0
Asc,VE,G-AZ,90-180,70030,125.0,7.0,31.0
Asc,VE,G-AZ,180-360,65469,211.0,31.0,114.0
Asc,VE,G-AZ,>360,28565,418.0,89.0,133.0
Asc,VE,G-LON,<=15,54228,3.0,5.0,15.0
Asc,VE,G-LON,15-30,10357,25.0,6.0,18.0
Asc,VE,G-LON,30-45,15407,32.0,6.0,17.0
Asc,VE,G-LON,45-90,53296,60.0,5.0,16.0
Asc,VE,G-LON,90-180,70030,125.0,7.0,32.0
Asc,VE,G-LON,180-360,65469,211.0,46.0,84.0
Asc,VE,G-LON,>360,28565,418.0,79.0,104.0
Asc,VE,G-RA,<=15,54228,3.0,5.0,15.0
Asc,VE,G-RA,15-30,10357,25.0,6.0,18.0
Asc,VE,G-RA,30-45,15407,32.0,6.0,17.0
Asc,VE,G-RA,45-90,53296,60.0,5.0,16.0
Asc,VE,G-RA,90-180,70030,125.0,7.0,32.0
Asc,VE,G-RA,180-360,65469,211.0,45.0,87.0
Asc,VE,G-RA,>360,28565,418.0,77.0,108.0
Asc,VS,G-AZ,<=15,54228,3.0,6.0,20.0
Asc,VS,G-AZ,15-30,10357,25.0,6.0,23.0
Asc,VS,G-AZ,30-45,15407,32.0,6.0,22.0
Asc,VS,G-AZ,45-90,53296,60.0,5.0,20.0
Asc,VS,G-AZ,90-180,70030,125.0,7.0,32.0
Asc,VS,G-AZ,180-360,65469,211.0,33.0,112.0
Asc,VS,G-AZ,>360,28565,418.0,80.0,132.0
Asc,VS,G-LON,<=15,54228,3.0,5.0,15.0
Asc,VS,G-LON,15-30,10357,25.0,6.0,18.0
Asc,VS,G-LON,30-45,15407,32.0,6.0,17.0
Asc,VS,G-LON,45-90,53296,60.0,5.0,16.0
Asc,VS,G-LON,90-180,70030,125.0,7.0,32.0
Asc,VS,G-LON,180-360,65469,211.0,46.0,85.0
Asc,VS,G-LON,>360,28565,418.0,79.0,105.0
Asc,VS,G-RA,<=15,54228,3.0,5.0,15.0
Asc,VS,G-RA,15-30,10357,25.0,6.0,18.0
Asc,VS,G-RA,30-45,15407,32.0,6.0,17.0
Asc,VS,G-RA,45-90,53296,60.0,5.0,16.0
Asc,VS,G-RA,90-180,70030,125.0,7.0,32.0
Asc,VS,G-RA,180-360,65469,211.0,45.0,87.0
Asc,VS,G-RA,>360,28565,418.0,77.0,108.0
EA G-AZ,MO,G-AZ_x_G-LON,<=15,54228,3.0,1.0,4.0
EA G-AZ,MO,G-AZ_x_G-LON,15-30,10357,25.0,2.0,5.0
EA G-AZ,MO,G-AZ_x_G-LON,30-45,15407,32.0,2.0,4.0
EA G-AZ,MO,G-AZ_x_G-LON,45-90,53296,60.0,1.0,4.0
EA G-AZ,MO,G-AZ_x_G-LON,90-180,70030,125.0,2.0,7.0
EA G-AZ,MO,G-AZ_x_G-LON,180-360,65469,211.0,7.0,22.0
EA G-AZ,MO,G-AZ_x_G-LON,>360,28565,418.0,17.0,25.0
EA G-AZ,MO,G-AZ_x_G-RA,<=15,54228,3.0,1.0,4.0
EA G-AZ,MO,G-AZ_x_G-RA,15-30,10357,25.0,2.0,5.0
EA G-AZ,MO,G-AZ_x_G-RA,30-45,15407,32.0,2.0,4.0
EA G-AZ,MO,G-AZ_x_G-RA,45-90,53296,60.0,1.0,4.0
EA G-AZ,MO,G-AZ_x_G-RA,90-180,70030,125.0,2.0,7.0
EA G-AZ,MO,G-AZ_x_G-RA,180-360,65469,211.0,7.0,22.0
EA G-AZ,MO,G-AZ_x_G-RA,>360,28565,418.0,17.0,25.0
EA G-LON,MO,G-LON_x_G-AZ,<=15,54228,3.0,2.0,12.0
EA G-LON,MO,G-LON_x_G-AZ,15-30,10357,25.0,3.0,14.0
EA G-LON,MO,G-LON_x_G-AZ,30-45,15407,32.0,3.0,13.0
EA G-LON,MO,G-LON_x_G-AZ,45-90,53296,60.0,3.0,11.0
EA G-LON,MO,G-LON_x_G-AZ,90-180,70030,125.0,4.0,16.0
EA G-LON,MO,G-LON_x_G-AZ,180-360,65469,211.0,12.0,39.0
EA G-LON,MO,G-LON_x_G-AZ,>360,28565,418.0,25.0,53.0
EA G-LON,MO,G-LON_x_G-RA,<=15,54228,3.0,5.0,13.0
EA G-LON,MO,G-LON_x_G-RA,15-30,10357,25.0,6.0,17.0
EA G-LON,MO,G-LON_x_G-RA,30-45,15407,32.0,6.0,16.0
EA G-LON,MO,G-LON_x_G-RA,45-90,53296,60.0,5.0,16.0
EA G-LON,MO,G-LON_x_G-RA,90-180,70030,125.0,6.0,34.0
EA G-LON,MO,G-LON_x_G-RA,180-360,65469,211.0,48.0,92.0
EA G-LON,MO,G-LON_x_G-RA,>360,28565,418.0,88.0,105.0
EA G-RA,MO,G-RA_x_G-AZ,<=15,54228,3.0,2.0,12.0
EA G-RA,MO,G-RA_x_G-AZ,15-30,10357,25.0,3.0,14.0
EA G-RA,MO,G-RA_x_G-AZ,30-45,15407,32.0,3.0,12.0
EA G-RA,MO,G-RA_x_G-AZ,45-90,53296,60.0,3.0,11.0
EA G-RA,MO,G-RA_x_G-AZ,90-180,70030,125.0,4.0,15.0
EA G-RA,MO,G-RA_x_G-AZ,180-360,65469,211.0,11.0,39.0
EA G-RA,MO,G-RA_x_G-AZ,>360,28565,418.0,24.0,55.0
EA G-RA,MO,G-RA_x_G-LON,<=15,54228,3.0,5.0,13.0
EA G-RA,MO,G-RA_x_G-LON,15-30,10357,25.0,6.0,16.0
EA G-RA,MO,G-RA_x_G-LON,30-45,15407,32.0,6.0,16.0
EA G-RA,MO,G-RA_x_G-LON,45-90,53296,60.0,5.0,15.0
EA G-RA,MO,G-RA_x_G-LON,90-180,70030,125.0,6.0,34.0
EA G-RA,MO,G-RA_x_G-LON,180-360,65469,211.0,48.0,91.0
EA G-RA,MO,G-RA_x_G-LON,>360,28565,418.0,88.0,104.0
EA,CE,G-AZ,<=15,54228,3.0,6.0,20.0
EA,CE,G-AZ,15-30,10357,25.0,7.0,24.0
EA,CE,G-AZ,30-45,15407,32.0,6.0,23.0
EA,CE,G-AZ,45-90,53296,60.0,6.0,21.0
EA,CE,G-AZ,90-180,70030,125.0,7.0,36.0
EA,CE,G-AZ,180-360,65469,211.0,39.0,124.0
EA,CE,G-AZ,>360,28565,418.0,87.0,148.0
EA,CE,G-LON,<=15,54228,3.0,5.0,13.0
EA,CE,G-LON,15-30,10357,25.0,7.0,17.0
EA,CE,G-LON,30-45,15407,32.0,6.0,16.0
EA,CE,G-LON,45-90,53296,60.0,5.0,16.0
EA,CE,G-LON,90-180,70030,125.0,6.0,36.0
EA,CE,G-LON,180-360,65469,211.0,50.0,94.0
EA,CE,G-LON,>360,28565,418.0,92.0,109.0
EA,CE,G-RA,<=15,54228,3.0,5.0,13.0
EA,CE,G-RA,15-30,10357,25.0,6.0,17.0
EA,CE,G-RA,30-45,15407,32.0,6.0,16.0
EA,CE,G-RA,45-90,53296,60.0,5.0,16.0
EA,CE,G-RA,90-180,70030,125.0,6.0,36.0
EA,CE,G-RA,180-360,65469,211.0,51.0,94.0
EA,CE,G-RA,>360,28565,418.0,92.0,108.0
EA,JN,G-AZ,<=15,54228,3.0,5.0,17.0
EA,JN,G-AZ,15-30,10357,25.0,6.0,20.0
EA,JN,G-AZ,30-45,15407,32.0,6.0,19.0
EA,JN,G-AZ,45-90,53296,60.0,5.0,18.0
EA,JN,G-AZ,90-180,70030,125.0,6.0,32.0
EA,JN,G-AZ,180-360,65469,211.0,40.0,104.0
EA,JN,G-AZ,>360,28565,418.0,85.0,123.0
EA,JN,G-LON,<=15,54228,3.0,5.0,13.0
EA,JN,G-LON,15-30,10357,25.0,7.0,17.0
EA,JN,G-LON,30-45,15407,32.0,6.0,16.0
EA,JN,G-LON,45-90,53296,60.0,5.0,16.0
EA,JN,G-LON,90-180,70030,125.0,6.0,36.0
EA,JN,G-LON,180-360,65469,211.0,50.0,94.0
EA,JN,G-LON,>360,28565,418.0,92.0,109.0
EA,JN,G-RA,<=15,54228,3.0,5.0,13.0
EA,JN,G-RA,15-30,10357,25.0,6.0,17.0
EA,JN,G-RA,30-45,15407,32.0,6.0,16.0
EA,JN,G-RA,45-90,53296,60.0,5.0,16.0
EA,JN,G-RA,90-180,70030,125.0,6.0,36.0
EA,JN,G-RA,180-360,65469,211.0,51.0,94.0
EA,JN,G-RA,>360,28565,418.0,92.0,108.0
EA,JU,G-AZ,<=15,54228,3.0,5.0,18.0
EA,JU,G-AZ,15-30,10357,25.0,6.0,21.0
EA,JU,G-AZ,30-45,15407,32.0,6.0,20.0
EA,JU,G-AZ,45-90,53296,60.0,5.0,19.0
EA,JU,G-AZ,90-180,70030,125.0,6.0,32.0
EA,JU,G-AZ,180-360,65469,211.0,37.0,110.0
EA,JU,G-AZ,>360,28565,418.0,84.0,133.0
EA,JU,G-LON,<=15,54228,3.0,5.0,13.0
EA,JU,G-LON,15-30,10357,25.0,6.0,17.0
EA,JU,G-LON,30-45,15407,32.0,6.0,16.0
EA,JU,G-LON,45-90,53296,60.0,5.0,16.0
EA,JU,G-LON,90-180,70030,125.0,6.0,36.0
EA,JU,G-LON,180-360,65469,211.0,51.0,94.0
EA,JU,G-LON,>360,28565,418.0,92.0,109.0
EA,JU,G-RA,<=15,54228,3.0,5.0,13.0
EA,JU,G-RA,15-30,10357,25.0,6.0,17.0
EA,JU,G-RA,30-45,15407,32.0,6.0,16.0
EA,JU,G-RA,45-90,53296,60.0,5.0,16.0
EA,JU,G-RA,90-180,70030,125.0,6.0,36.0
EA,JU,G-RA,180-360,65469,211.0,51.0,94.0
EA,JU,G-RA,>360,28565,418.0,92.0,108.0
EA,MA,G-AZ,<=15,54228,3.0,5.0,18.0
EA,MA,G-AZ,15-30,10357,25.0,7.0,24.0
EA,MA,G-AZ,30-45,15407,32.0,6.0,21.0
EA,MA,G-AZ,45-90,53296,60.0,6.0,20.0
EA,MA,G-AZ,90-180,70030,125.0,7.0,35.0
EA,MA,G-AZ,180-360,65469,211.0,40.0,119.0
EA,MA,G-AZ,>360,28565,418.0,92.0,140.0
EA,MA,G-LON,<=15,54228,3.0,5.0,13.0
EA,MA,G-LON,15-30,10357,25.0,6.0,17.0
EA,MA,G-LON,30-45,15407,32.0,6.0,16.0
EA,MA,G-LON,45-90,53296,60.0,5.0,16.0
EA,MA,G-LON,90-180,70030,125.0,6.0,36.0
EA,MA,G-LON,180-360,65469,211.0,50.0,94.0
EA,MA,G-LON,>360,28565,418.0,92.0,109.0
EA,MA,G-RA,<=15,54228,3.0,5.0,13.0
EA,MA,G-RA,15-30,10357,25.0,6.0,17.0
EA,MA,G-RA,30-45,15407,32.0,6.0,16.0
EA,MA,G-RA,45-90,53296,60.0,5.0,16.0
EA,MA,G-RA,90-180,70030,125.0,6.0,36.0
EA,MA,G-RA,180-360,65469,211.0,51.0,94.0
EA,MA,G-RA,>360,28565,418.0,92.0,108.0
EA,ME,G-AZ,<=15,54228,3.0,4.0,17.0
EA,ME,G-AZ,15-30,10357,25.0,6.0,25.0
EA,ME,G-AZ,30-45,15407,32.0,6.0,23.0
EA,ME,G-AZ,45-90,53296,60.0,4.0,18.0
EA,ME,G-AZ,90-180,70030,125.0,5.0,36.0
EA,ME,G-AZ,180-360,65469,211.0,40.0,116.0
EA,ME,G-AZ,>360,28565,418.0,99.0,137.0
EA,ME,G-LON,<=15,54228,3.0,5.0,13.0
EA,ME,G-LON,15-30,10357,25.0,6.0,17.0
EA,ME,G-LON,30-45,15407,32.0,6.0,16.0
EA,ME,G-LON,45-90,53296,60.0,5.0,16.0
EA,ME,G-LON,90-180,70030,125.0,6.0,36.0
EA,ME,G-LON,180-360,65469,211.0,50.0,94.0
EA,ME,G-LON,>360,28565,418.0,92.0,109.0
EA,ME,G-RA,<=15,54228,3.0,5.0,13.0
EA,ME,G-RA,15-30,10357,25.0,6.0,17.0
EA,ME,G-RA,30-45,15407,32.0,6.0,16.0
EA,ME,G-RA,45-90,53296,60.0,5.0,16.0
EA,ME,G-RA,90-180,70030,125.0,6.0,36.0
EA,ME,G-RA,180-360,65469,211.0,50.0,94.0
EA,ME,G-RA,>360,28565,418.0,92.0,108.0
EA,MO,G-AZ,<=15,54228,3.0,5.0,18.0
EA,MO,G-AZ,15-30,10357,25.0,6.0,22.0
EA,MO,G-AZ,30-45,15407,32.0,6.0,20.0
EA,MO,G-AZ,45-90,53296,60.0,5.0,19.0
EA,MO,G-AZ,90-180,70030,125.0,6.0,32.0
EA,MO,G-AZ,180-360,65469,211.0,36.0,109.0
EA,MO,G-AZ,>360,28565,418.0,81.0,131.0
EA,MO,G-LON,<=15,54228,3.0,5.0,13.0
EA,MO,G-LON,15-30,10357,25.0,6.0,17.0
EA,MO,G-LON,30-45,15407,32.0,6.0,16.0
EA,MO,G-LON,45-90,53296,60.0,5.0,15.0
EA,MO,G-LON,90-180,70030,125.0,6.0,34.0
EA,MO,G-LON,180-360,65469,211.0,48.0,92.0
EA,MO,G-LON,>360,28565,418.0,88.0,105.0
EA,MO,G-RA,<=15,54228,3.0,5.0,13.0
EA,MO,G-RA,15-30,10357,25.0,6.0,16.0
EA,MO,G-RA,30-45,15407,32.0,6.0,16.0
EA,MO,G-RA,45-90,53296,60.0,5.0,15.0
EA,MO,G-RA,90-180,70030,125.0,6.0,34.0
EA,MO,G-RA,180-360,65469,211.0,48.0,91.0
EA,MO,G-RA,>360,28565,418.0,88.0,104.0
EA,NE,G-AZ,<=15,54228,3.0,6.0,19.0
EA,NE,G-AZ,15-30,10357,25.0,6.0,22.0
EA,NE,G-AZ,30-45,15407,32.0,6.0,20.0
EA,NE,G-AZ,45-90,53296,60.0,6.0,20.0
EA,NE,G-AZ,90-180,70030,125.0,7.0,32.0
EA,NE,G-AZ,180-360,65469,211.0,38.0,113.0
EA,NE,G-AZ,>360,28565,418.0,91.0,132.0
EA,NE,G-LON,<=15,54228,3.0,5.0,13.0
EA,NE,G-LON,15-30,10357,25.0,6.0,17.0
EA,NE,G-LON,30-45,15407,32.0,6.0,16.0
EA,NE,G-LON,45-90,53296,60.0,5.0,16.0
EA,NE,G-LON,90-180,70030,125.0,6.0,36.0
EA,NE,G-LON,180-360,65469,211.0,51.0,94.0
EA,NE,G-LON,>360,28565,418.0,92.0,109.0
EA,NE,G-RA,<=15,54228,3.0,5.0,13.0
EA,NE,G-RA,15-30,10357,25.0,6.0,17.0
EA,NE,G-RA,30-45,15407,32.0,6.0,16.0
EA,NE,G-RA,45-90,53296,60.0,5.0,16.0
EA,NE,G-RA,90-180,70030,125.0,6.0,36.0
EA,NE,G-RA,180-360,65469,211.0,51.0,94.0
EA,NE,G-RA,>360,28565,418.0,92.0,109.0
EA,NN,G-AZ,<=15,54228,3.0,5.0,17.0
EA,NN,G-AZ,15-30,10357,25.0,6.0,22.0
EA,NN,G-AZ,30-45,15407,32.0,6.0,20.0
EA,NN,G-AZ,45-90,53296,60.0,5.0,19.0
EA,NN,G-AZ,90-180,70030,125.0,6.0,32.0
EA,NN,G-AZ,180-360,65469,211.0,38.0,110.0
EA,NN,G-AZ,>360,28565,418.0,85.0,133.0
EA,NN,G-LON,<=15,54228,3.0,5.0,13.0
EA,NN,G-LON,15-30,10357,25.0,6.0,17.0
EA,NN,G-LON,30-45,15407,32.0,6.0,16.0
EA,NN,G-LON,45-90,53296,60.0,5.0,16.0
EA,NN,G-LON,90-180,70030,125.0,6.0,36.0
EA,NN,G-LON,180-360,65469,211.0,51.0,94.0
EA,NN,G-LON,>360,28565,418.0,92.0,109.0
EA,NN,G-RA,<=15,54228,3.0,5.0,13.0
EA,NN,G-RA,15-30,10357,25.0,6.0,17.0
EA,NN,G-RA,30-45,15407,32.0,6.0,16.0
EA,NN,G-RA,45-90,53296,60.0,5.0,16.0
EA,NN,G-RA,90-180,70030,125.0,6.0,36.0
EA,NN,G-RA,180-360,65469,211.0,51.0,94.0
EA,NN,G-RA,>360,28565,418.0,92.0,109.0
EA,PA,G-AZ,<=15,54228,3.0,5.0,18.0
EA,PA,G-AZ,15-30,10357,25.0,6.0,22.0
EA,PA,G-AZ,30-45,15407,32.0,6.0,19.0
EA,PA,G-AZ,45-90,53296,60.0,6.0,20.0
EA,PA,G-AZ,90-180,70030,125.0,6.0,31.0
EA,PA,G-AZ,180-360,65469,211.0,36.0,102.0
EA,PA,G-AZ,>360,28565,418.0,72.0,129.0
EA,PA,G-LON,<=15,54228,3.0,5.0,13.0
EA,PA,G-LON,15-30,10357,25.0,6.0,17.0
EA,PA,G-LON,30-45,15407,32.0,6.0,16.0
EA,PA,G-LON,45-90,53296,60.0,5.0,16.0
EA,PA,G-LON,90-180,70030,125.0,6.0,36.0
EA,PA,G-LON,180-360,65469,211.0,51.0,94.0
EA,PA,G-LON,>360,28565,418.0,92.0,109.0
EA,PA,G-RA,<=15,54228,3.0,5.0,13.0
EA,PA,G-RA,15-30,10357,25.0,6.0,17.0
EA,PA,G-RA,30-45,15407,32.0,6.0,16.0
EA,PA,G-RA,45-90,53296,60.0,5.0,16.0
EA,PA,G-RA,90-180,70030,125.0,6.0,36.0
EA,PA,G-RA,180-360,65469,211.0,51.0,94.0
EA,PA,G-RA,>360,28565,418.0,92.0,108.0
EA,PFdn,G-LON,<=15,54228,3.0,3.0,9.0
EA,PFdn,G-LON,15-30,10357,25.0,3.0,9.0
EA,PFdn,G-LON,30-45,15407,32.0,3.0,9.0
EA,PFdn,G-LON,45-90,53296,60.0,3.0,9.0
EA,PFdn,G-LON,90-180,70030,125.0,3.0,12.0
EA,PFdn,G-LON,180-360,65469,211.0,7.0,22.0
EA,PFdn,G-LON,>360,28565,418.0,15.0,26.0
EA,PFdn,G-RA,<=15,54228,3.0,3.0,9.0
EA,PFdn,G-RA,15-30,10357,25.0,3.0,9.0
EA,PFdn,G-RA,30-45,15407,32.0,3.0,9.0
EA,PFdn,G-RA,45-90,53296,60.0,3.0,9.0
EA,PFdn,G-RA,90-180,70030,125.0,3.0,12.0
EA,PFdn,G-RA,180-360,65469,211.0,7.0,21.0
EA,PFdn,G-RA,>360,28565,418.0,13.0,27.0
EA,PFff,G-LON,<=15,54228,3.0,2.0,7.0
EA,PFff,G-LON,15-30,10357,25.0,3.0,7.0
EA,PFff,G-LON,30-45,15407,32.0,2.0,7.0
EA,PFff,G-LON,45-90,53296,60.0,2.0,7.0
EA,PFff,G-LON,90-180,70030,125.0,3.0,9.0
EA,PFff,G-LON,180-360,65469,211.0,7.0,20.0
EA,PFff,G-LON,>360,28565,418.0,15.0,22.0
EA,PFff,G-RA,<=15,54228,3.0,2.0,8.0
EA,PFff,G-RA,15-30,10357,25.0,3.0,8.0
EA,PFff,G-RA,30-45,15407,32.0,2.0,7.0
EA,PFff,G-RA,45-90,53296,60.0,3.0,7.0
EA,PFff,G-RA,90-180,70030,125.0,3.0,9.0
EA,PFff,G-RA,180-360,65469,211.0,7.0,19.0
EA,PFff,G-RA,>360,28565,418.0,13.0,22.0
EA,PL,G-AZ,<=15,54228,3.0,5.0,19.0
EA,PL,G-AZ,15-30,10357,25.0,7.0,24.0
EA,PL,G-AZ,30-45,15407,32.0,6.0,23.0
EA,PL,G-AZ,45-90,53296,60.0,6.0,19.0
EA,PL,G-AZ,90-180,70030,125.0,7.0,35.0
EA,PL,G-AZ,180-360,65469,211.0,45.0,115.0
EA,PL,G-AZ,>360,28565,418.0,93.0,135.0
EA,PL,G-LON,<=15,54228,3.0,5.0,13.0
EA,PL,G-LON,15-30,10357,25.0,6.0,17.0
EA,PL,G-LON,30-45,15407,32.0,6.0,16.0
EA,PL,G-LON,45-90,53296,60.0,5.0,16.0
EA,PL,G-LON,90-180,70030,125.0,6.0,36.0
EA,PL,G-LON,180-360,65469,211.0,51.0,94.0
EA,PL,G-LON,>360,28565,418.0,92.0,109.0
EA,PL,G-RA,<=15,54228,3.0,5.0,13.0
EA,PL,G-RA,15-30,10357,25.0,6.0,17.0
EA,PL,G-RA,30-45,15407,32.0,6.0,16.0
EA,PL,G-RA,45-90,53296,60.0,5.0,16.0
EA,PL,G-RA,90-180,70030,125.0,6.0,36.0
EA,PL,G-RA,180-360,65469,211.0,51.0,94.0
EA,PL,G-RA,>360,28565,418.0,92.0,109.0
EA,SA,G-AZ,<=15,54228,3.0,5.0,18.0
EA,SA,G-AZ,15-30,10357,25.0,7.0,23.0
EA,SA,G-AZ,30-45,15407,32.0,6.0,21.0
EA,SA,G-AZ,45-90,53296,60.0,6.0,19.0
EA,SA,G-AZ,90-180,70030,125.0,7.0,33.0
EA,SA,G-AZ,180-360,65469,211.0,39.0,114.0
EA,SA,G-AZ,>360,28565,418.0,89.0,135.0
EA,SA,G-LON,<=15,54228,3.0,5.0,13.0
EA,SA,G-LON,15-30,10357,25.0,7.0,17.0
EA,SA,G-LON,30-45,15407,32.0,6.0,16.0
EA,SA,G-LON,45-90,53296,60.0,5.0,16.0
EA,SA,G-LON,90-180,70030,125.0,6.0,36.0
EA,SA,G-LON,180-360,65469,211.0,51.0,94.0
EA,SA,G-LON,>360,28565,418.0,92.0,109.0
EA,SA,G-RA,<=15,54228,3.0,5.0,13.0
EA,SA,G-RA,15-30,10357,25.0,6.0,17.0
EA,SA,G-RA,30-45,15407,32.0,6.0,16.0
EA,SA,G-RA,45-90,53296,60.0,5.0,16.0
EA,SA,G-RA,90-180,70030,125.0,6.0,36.0
EA,SA,G-RA,180-360,65469,211.0,51.0,94.0
EA,SA,G-RA,>360,28565,418.0,92.0,108.0
EA,SU,G-AZ,<=15,54228,3.0,4.0,18.0
EA,SU,G-AZ,15-30,10357,25.0,6.0,32.0
EA,SU,G-AZ,30-45,15407,32.0,6.0,29.0
EA,SU,G-AZ,45-90,53296,60.0,4.0,21.0
EA,SU,G-AZ,90-180,70030,125.0,5.0,42.0
EA,SU,G-AZ,180-360,65469,211.0,44.0,105.0
EA,SU,G-AZ,>360,28565,418.0,97.0,130.0
EA,SU,G-LON,<=15,54228,3.0,5.0,13.0
EA,SU,G-LON,15-30,10357,25.0,6.0,17.0
EA,SU,G-LON,30-45,15407,32.0,6.0,17.0
EA,SU,G-LON,45-90,53296,60.0,5.0,16.0
EA,SU,G-LON,90-180,70030,125.0,6.0,36.0
EA,SU,G-LON,180-360,65469,211.0,50.0,94.0
EA,SU,G-LON,>360,28565,418.0,92.0,109.0
EA,SU,G-RA,<=15,54228,3.0,5.0,13.0
EA,SU,G-RA,15-30,10357,25.0,7.0,17.0
EA,SU,G-RA,30-45,15407,32.0,6.0,16.0
EA,SU,G-RA,45-90,53296,60.0,5.0,16.0
EA,SU,G-RA,90-180,70030,125.0,6.0,36.0
EA,SU,G-RA,180-360,65469,211.0,51.0,94.0
EA,SU,G-RA,>360,28565,418.0,92.0,108.0
EA,UR,G-AZ,<=15,54228,3.0,6.0,17.0
EA,UR,G-AZ,15-30,10357,25.0,6.0,20.0
EA,UR,G-AZ,30-45,15407,32.0,5.0,19.0
EA,UR,G-AZ,45-90,53296,60.0,5.0,18.0
EA,UR,G-AZ,90-180,70030,125.0,6.0,32.0
EA,UR,G-AZ,180-360,65469,211.0,36.0,106.0
EA,UR,G-AZ,>360,28565,418.0,78.0,126.0
EA,UR,G-LON,<=15,54228,3.0,5.0,13.0
EA,UR,G-LON,15-30,10357,25.0,6.0,17.0
EA,UR,G-LON,30-45,15407,32.0,6.0,16.0
EA,UR,G-LON,45-90,53296,60.0,5.0,16.0
EA,UR,G-LON,90-180,70030,125.0,6.0,36.0
EA,UR,G-LON,180-360,65469,211.0,51.0,94.0
EA,UR,G-LON,>360,28565,418.0,92.0,109.0
EA,UR,G-RA,<=15,54228,3.0,5.0,13.0
EA,UR,G-RA,15-30,10357,25.0,6.0,17.0
EA,UR,G-RA,30-45,15407,32.0,6.0,16.0
EA,UR,G-RA,45-90,53296,60.0,5.0,16.0
EA,UR,G-RA,90-180,70030,125.0,6.0,36.0
EA,UR,G-RA,180-360,65469,211.0,51.0,94.0
EA,UR,G-RA,>360,28565,418.0,92.0,109.0
EA,VE,G-AZ,<=15,54228,3.0,5.0,16.0
EA,VE,G-AZ,15-30,10357,25.0,6.0,21.0
EA,VE,G-AZ,30-45,15407,32.0,6.0,20.0
EA,VE,G-AZ,45-90,53296,60.0,5.0,17.0
EA,VE,G-AZ,90-180,70030,125.0,6.0,32.0
EA,VE,G-AZ,180-360,65469,211.0,37.0,118.0
EA,VE,G-AZ,>360,28565,418.0,91.0,141.0
EA,VE,G-LON,<=15,54228,3.0,5.0,13.0
EA,VE,G-LON,15-30,10357,25.0,6.0,17.0
EA,VE,G-LON,30-45,15407,32.0,6.0,16.0
EA,VE,G-LON,45-90,53296,60.0,5.0,16.0
EA,VE,G-LON,90-180,70030,125.0,6.0,36.0
EA,VE,G-LON,180-360,65469,211.0,50.0,94.0
EA,VE,G-LON,>360,28565,418.0,92.0,109.0
EA,VE,G-RA,<=15,54228,3.0,5.0,13.0
EA,VE,G-RA,15-30,10357,25.0,6.0,17.0
EA,VE,G-RA,30-45,15407,32.0,6.0,16.0
EA,VE,G-RA,45-90,53296,60.0,5.0,16.0
EA,VE,G-RA,90-180,70030,125.0,6.0,36.0
EA,VE,G-RA,180-360,65469,211.0,51.0,94.0
EA,VE,G-RA,>360,28565,418.0,92.0,108.0
EA,VS,G-AZ,<=15,54228,3.0,6.0,19.0
EA,VS,G-AZ,15-30,10357,25.0,6.0,23.0
EA,VS,G-AZ,30-45,15407,32.0,6.0,21.0
EA,VS,G-AZ,45-90,53296,60.0,6.0,20.0
EA,VS,G-AZ,90-180,70030,125.0,7.0,33.0
EA,VS,G-AZ,180-360,65469,211.0,38.0,116.0
EA,VS,G-AZ,>360,28565,418.0,85.0,138.0
EA,VS,G-LON,<=15,54228,3.0,5.0,13.0
EA,VS,G-LON,15-30,10357,25.0,6.0,17.0
EA,VS,G-LON,30-45,15407,32.0,6.0,16.0
EA,VS,G-LON,45-90,53296,60.0,5.0,16.0
EA,VS,G-LON,90-180,70030,125.0,6.0,36.0
EA,VS,G-LON,180-360,65469,211.0,50.0,94.0
EA,VS,G-LON,>360,28565,418.0,92.0,109.0
EA,VS,G-RA,<=15,54228,3.0,5.0,13.0
EA,VS,G-RA,15-30,10357,25.0,6.0,17.0
EA,VS,G-RA,30-45,15407,32.0,6.0,16.0
EA,VS,G-RA,45-90,53296,60.0,5.0,16.0
EA,VS,G-RA,90-180,70030,125.0,6.0,36.0
EA,VS,G-RA,180-360,65469,211.0,51.0,94.0
EA,VS,G-RA,>360,28565,418.0,92.0,108.0
MC G-LON,MO,G-LON_x_G-AZ,<=15,54228,3.0,2.0,12.0
MC G-LON,MO,G-LON_x_G-AZ,15-30,10357,25.0,3.0,14.0
MC G-LON,MO,G-LON_x_G-AZ,30-45,15407,32.0,3.0,12.0
MC G-LON,MO,G-LON_x_G-AZ,45-90,53296,60.0,3.0,11.0
MC G-LON,MO,G-LON_x_G-AZ,90-180,70030,125.0,4.0,15.0
MC G-LON,MO,G-LON_x_G-AZ,180-360,65469,211.0,11.0,40.0
MC G-LON,MO,G-LON_x_G-AZ,>360,28565,418.0,23.0,57.0
MC G-LON,MO,G-LON_x_G-RA,<=15,54228,3.0,5.0,13.0
MC G-LON,MO,G-LON_x_G-RA,15-30,10357,25.0,6.0,16.0
MC G-LON,MO,G-LON_x_G-RA,30-45,15407,32.0,6.0,16.0
MC G-LON,MO,G-LON_x_G-RA,45-90,53296,60.0,5.0,15.0
MC G-LON,MO,G-LON_x_G-RA,90-180,70030,125.0,6.0,34.0
MC G-LON,MO,G-LON_x_G-RA,180-360,65469,211.0,48.0,92.0
MC G-LON,MO,G-LON_x_G-RA,>360,28565,418.0,88.0,105.0
MC G-RA,MO,G-RA_x_G-AZ,<=15,54228,3.0,2.0,12.0
MC G-RA,MO,G-RA_x_G-AZ,15-30,10357,25.0,3.0,14.0
MC G-RA,MO,G-RA_x_G-AZ,30-45,15407,32.0,3.0,12.0
MC G-RA,MO,G-RA_x_G-AZ,45-90,53296,60.0,3.0,11.0
MC G-RA,MO,G-RA_x_G-AZ,90-180,70030,125.0,4.0,15.0
MC G-RA,MO,G-RA_x_G-AZ,180-360,65469,211.0,11.0,39.0
MC G-RA,MO,G-RA_x_G-AZ,>360,28565,418.0,24.0,55.0
MC G-RA,MO,G-RA_x_G-LON,<=15,54228,3.0,5.0,13.0
MC G-RA,MO,G-RA_x_G-LON,15-30,10357,25.0,6.0,16.0
MC G-RA,MO,G-RA_x_G-LON,30-45,15407,32.0,6.0,16.0
MC G-RA,MO,G-RA_x_G-LON,45-90,53296,60.0,5.0,15.0
MC G-RA,MO,G-RA_x_G-LON,90-180,70030,125.0,6.0,34.0
MC G-RA,MO,G-RA_x_G-LON,180-360,65469,211.0,48.0,91.0
MC G-RA,MO,G-RA_x_G-LON,>360,28565,418.0,88.0,104.0
MC,CE,G-LON,<=15,54228,3.0,5.0,13.0
MC,CE,G-LON,15-30,10357,25.0,6.0,17.0
MC,CE,G-LON,30-45,15407,32.0,6.0,16.0
MC,CE,G-LON,45-90,53296,60.0,5.0,16.0
MC,CE,G-LON,90-180,70030,125.0,6.0,35.0
MC,CE,G-LON,180-360,65469,211.0,50.0,94.0
MC,CE,G-LON,>360,28565,418.0,92.0,109.0
MC,CE,G-RA,<=15,54228,3.0,5.0,13.0
MC,CE,G-RA,15-30,10357,25.0,6.0,17.0
MC,CE,G-RA,30-45,15407,32.0,6.0,16.0
MC,CE,G-RA,45-90,53296,60.0,5.0,16.0
MC,CE,G-RA,90-180,70030,125.0,6.0,36.0
MC,CE,G-RA,180-360,65469,211.0,51.0,94.0
MC,CE,G-RA,>360,28565,418.0,92.0,108.0
MC,JN,G-LON,<=15,54228,3.0,5.0,13.0
MC,JN,G-LON,15-30,10357,25.0,6.0,17.0
MC,JN,G-LON,30-45,15407,32.0,6.0,16.0
MC,JN,G-LON,45-90,53296,60.0,5.0,16.0
MC,JN,G-LON,90-180,70030,125.0,6.0,35.0
MC,JN,G-LON,180-360,65469,211.0,50.0,94.0
MC,JN,G-LON,>360,28565,418.0,92.0,109.0
MC,JN,G-RA,<=15,54228,3.0,5.0,13.0
MC,JN,G-RA,15-30,10357,25.0,6.0,17.0
MC,JN,G-RA,30-45,15407,32.0,6.0,16.0
MC,JN,G-RA,45-90,53296,60.0,5.0,16.0
MC,JN,G-RA,90-180,70030,125.0,6.0,36.0
MC,JN,G-RA,180-360,65469,211.0,51.0,94.0
MC,JN,G-RA,>360,28565,418.0,92.0,108.0
MC,JU,G-LON,<=15,54228,3.0,5.0,13.0
MC,JU,G-LON,15-30,10357,25.0,6.0,17.0
MC,JU,G-LON,30-45,15407,32.0,6.0,16.0
MC,JU,G-LON,45-90,53296,60.0,5.0,16.0
MC,JU,G-LON,90-180,70030,125.0,6.0,35.0
MC,JU,G-LON,180-360,65469,211.0,50.0,94.0
MC,JU,G-LON,>360,28565,418.0,92.0,109.0
MC,JU,G-RA,<=15,54228,3.0,5.0,13.0
MC,JU,G-RA,15-30,10357,25.0,6.0,17.0
MC,JU,G-RA,30-45,15407,32.0,6.0,16.0
MC,JU,G-RA,45-90,53296,60.0,5.0,16.0
MC,JU,G-RA,90-180,70030,125.0,6.0,36.0
MC,JU,G-RA,180-360,65469,211.0,51.0,94.0
MC,JU,G-RA,>360,28565,418.0,92.0,108.0
MC,MA,G-LON,<=15,54228,3.0,5.0,13.0
MC,MA,G-LON,15-30,10357,25.0,6.0,17.0
MC,MA,G-LON,30-45,15407,32.0,6.0,16.0
MC,MA,G-LON,45-90,53296,60.0,5.0,16.0
MC,MA,G-LON,90-180,70030,125.0,6.0,35.0
MC,MA,G-LON,180-360,65469,211.0,50.0,94.0
MC,MA,G-LON,>360,28565,418.0,92.0,109.0
MC,MA,G-RA,<=15,54228,3.0,5.0,13.0
MC,MA,G-RA,15-30,10357,25.0,6.0,17.0
MC,MA,G-RA,30-45,15407,32.0,6.0,16.0
MC,MA,G-RA,45-90,53296,60.0,5.0,16.0
MC,MA,G-RA,90-180,70030,125.0,6.0,36.0
MC,MA,G-RA,180-360,65469,211.0,51.0,94.0
MC,MA,G-RA,>360,28565,418.0,92.0,108.0
MC,ME,G-LON,<=15,54228,3.0,5.0,13.0
MC,ME,G-LON,15-30,10357,25.0,6.0,17.0
MC,ME,G-LON,30-45,15407,32.0,6.0,16.0
MC,ME,G-LON,45-90,53296,60.0,5.0,16.0
MC,ME,G-LON,90-180,70030,125.0,6.0,35.0
MC,ME,G-LON,180-360,65469,211.0,50.0,94.0
MC,ME,G-LON,>360,28565,418.0,92.0,109.0
MC,ME,G-RA,<=15,54228,3.0,5.0,13.0
MC,ME,G-RA,15-30,10357,25.0,6.0,17.0
MC,ME,G-RA,30-45,15407,32.0,6.0,16.0
MC,ME,G-RA,45-90,53296,60.0,5.0,16.0
MC,ME,G-RA,90-180,70030,125.0,6.0,36.0
MC,ME,G-RA,180-360,65469,211.0,50.0,94.0
MC,ME,G-RA,>360,28565,418.0,92.0,108.0
MC,MO,G-LON,<=15,54228,3.0,5.0,13.0
MC,MO,G-LON,15-30,10357,25.0,6.0,16.0
MC,MO,G-LON,30-45,15407,32.0,6.0,16.0
MC,MO,G-LON,45-90,53296,60.0,5.0,15.0
MC,MO,G-LON,90-180,70030,125.0,6.0,34.0
MC,MO,G-LON,180-360,65469,211.0,48.0,92.0
MC,MO,G-LON,>360,28565,418.0,88.0,105.0
MC,MO,G-RA,<=15,54228,3.0,5.0,13.0
MC,MO,G-RA,15-30,10357,25.0,6.0,16.0
MC,MO,G-RA,30-45,15407,32.0,6.0,16.0
MC,MO,G-RA,45-90,53296,60.0,5.0,15.0
MC,MO,G-RA,90-180,70030,125.0,6.0,34.0
MC,MO,G-RA,180-360,65469,211.0,48.0,91.0
MC,MO,G-RA,>360,28565,418.0,88.0,104.0
MC,NE,G-LON,<=15,54228,3.0,5.0,13.0
MC,NE,G-LON,15-30,10357,25.0,6.0,17.0
MC,NE,G-LON,30-45,15407,32.0,6.0,16.0
MC,NE,G-LON,45-90,53296,60.0,5.0,16.0
MC,NE,G-LON,90-180,70030,125.0,6.0,35.0
MC,NE,G-LON,180-360,65469,211.0,50.0,94.0
MC,NE,G-LON,>360,28565,418.0,92.0,109.0
MC,NE,G-RA,<=15,54228,3.0,5.0,13.0
MC,NE,G-RA,15-30,10357,25.0,6.0,17.0
MC,NE,G-RA,30-45,15407,32.0,6.0,16.0
MC,NE,G-RA,45-90,53296,60.0,5.0,16.0
MC,NE,G-RA,90-180,70030,125.0,6.0,36.0
MC,NE,G-RA,180-360,65469,211.0,51.0,94.0
MC,NE,G-RA,>360,28565,418.0,92.0,109.0
MC,NN,G-LON,<=15,54228,3.0,5.0,13.0
MC,NN,G-LON,15-30,10357,25.0,6.0,17.0
MC,NN,G-LON,30-45,15407,32.0,6.0,16.0
MC,NN,G-LON,45-90,53296,60.0,5.0,16.0
MC,NN,G-LON,90-180,70030,125.0,6.0,35.0
MC,NN,G-LON,180-360,65469,211.0,50.0,94.0
MC,NN,G-LON,>360,28565,418.0,92.0,109.0
MC,NN,G-RA,<=15,54228,3.0,5.0,13.0
MC,NN,G-RA,15-30,10357,25.0,6.0,17.0
MC,NN,G-RA,30-45,15407,32.0,6.0,16.0
MC,NN,G-RA,45-90,53296,60.0,5.0,16.0
MC,NN,G-RA,90-180,70030,125.0,6.0,36.0
MC,NN,G-RA,180-360,65469,211.0,51.0,94.0
MC,NN,G-RA,>360,28565,418.0,92.0,109.0
MC,PA,G-LON,<=15,54228,3.0,5.0,13.0
MC,PA,G-LON,15-30,10357,25.0,6.0,17.0
MC,PA,G-LON,30-45,15407,32.0,6.0,16.0
MC,PA,G-LON,45-90,53296,60.0,5.0,16.0
MC,PA,G-LON,90-180,70030,125.0,6.0,35.0
MC,PA,G-LON,180-360,65469,211.0,50.0,94.0
MC,PA,G-LON,>360,28565,418.0,92.0,109.0
MC,PA,G-RA,<=15,54228,3.0,5.0,13.0
MC,PA,G-RA,15-30,10357,25.0,6.0,17.0
MC,PA,G-RA,30-45,15407,32.0,6.0,16.0
MC,PA,G-RA,45-90,53296,60.0,5.0,16.0
MC,PA,G-RA,90-180,70030,125.0,6.0,36.0
MC,PA,G-RA,180-360,65469,211.0,51.0,94.0
MC,PA,G-RA,>360,28565,418.0,92.0,108.0
MC,PFdn,G-LON,<=15,54228,3.0,3.0,9.0
MC,PFdn,G-LON,15-30,10357,25.0,3.0,10.0
MC,PFdn,G-LON,30-45,15407,32.0,2.0,10.0
MC,PFdn,G-LON,45-90,53296,60.0,3.0,9.0
MC,PFdn,G-LON,90-180,70030,125.0,3.0,12.0
MC,PFdn,G-LON,180-360,65469,211.0,7.0,20.0
MC,PFdn,G-LON,>360,28565,418.0,12.0,26.0
MC,PFdn,G-RA,<=15,54228,3.0,3.0,9.0
MC,PFdn,G-RA,15-30,10357,25.0,3.0,9.0
MC,PFdn,G-RA,30-45,15407,32.0,3.0,9.0
MC,PFdn,G-RA,45-90,53296,60.0,3.0,9.0
MC,PFdn,G-RA,90-180,70030,125.0,3.0,12.0
MC,PFdn,G-RA,180-360,65469,211.0,7.0,21.0
MC,PFdn,G-RA,>360,28565,418.0,13.0,27.0
MC,PFff,G-LON,<=15,54228,3.0,2.0,8.0
MC,PFff,G-LON,15-30,10357,25.0,3.0,8.0
MC,PFff,G-LON,30-45,15407,32.0,2.0,8.0
MC,PFff,G-LON,45-90,53296,60.0,3.0,8.0
MC,PFff,G-LON,90-180,70030,125.0,3.0,9.0
MC,PFff,G-LON,180-360,65469,211.0,7.0,17.0
MC,PFff,G-LON,>360,28565,418.0,11.0,20.0
MC,PFff,G-RA,<=15,54228,3.0,2.0,8.0
MC,PFff,G-RA,15-30,10357,25.0,3.0,8.0
MC,PFff,G-RA,30-45,15407,32.0,2.0,7.0
MC,PFff,G-RA,45-90,53296,60.0,3.0,7.0
MC,PFff,G-RA,90-180,70030,125.0,3.0,9.0
MC,PFff,G-RA,180-360,65469,211.0,7.0,19.0
MC,PFff,G-RA,>360,28565,418.0,13.0,22.0
MC,PL,G-LON,<=15,54228,3.0,5.0,13.0
MC,PL,G-LON,15-30,10357,25.0,6.0,17.0
MC,PL,G-LON,30-45,15407,32.0,6.0,16.0
MC,PL,G-LON,45-90,53296,60.0,5.0,16.0
MC,PL,G-LON,90-180,70030,125.0,6.0,35.0
MC,PL,G-LON,180-360,65469,211.0,50.0,94.0
MC,PL,G-LON,>360,28565,418.0,92.0,109.0
MC,PL,G-RA,<=15,54228,3.0,5.0,13.0
MC,PL,G-RA,15-30,10357,25.0,6.0,17.0
MC,PL,G-RA,30-45,15407,32.0,6.0,16.0
MC,PL,G-RA,45-90,53296,60.0,5.0,16.0
MC,PL,G-RA,90-180,70030,125.0,6.0,36.0
MC,PL,G-RA,180-360,65469,211.0,51.0,94.0
MC,PL,G-RA,>360,28565,418.0,92.0,109.0
MC,SA,G-LON,<=15,54228,3.0,5.0,13.0
MC,SA,G-LON,15-30,10357,25.0,6.0,17.0
MC,SA,G-LON,30-45,15407,32.0,6.0,16.0
MC,SA,G-LON,45-90,53296,60.0,5.0,16.0
MC,SA,G-LON,90-180,70030,125.0,6.0,36.0
MC,SA,G-LON,180-360,65469,211.0,50.0,94.0
MC,SA,G-LON,>360,28565,418.0,92.0,109.0
MC,SA,G-RA,<=15,54228,3.0,5.0,13.0
MC,SA,G-RA,15-30,10357,25.0,6.0,17.0
MC,SA,G-RA,30-45,15407,32.0,6.0,16.0
MC,SA,G-RA,45-90,53296,60.0,5.0,16.0
MC,SA,G-RA,90-180,70030,125.0,6.0,36.0
MC,SA,G-RA,180-360,65469,211.0,51.0,94.0
MC,SA,G-RA,>360,28565,418.0,92.0,108.0
MC,SU,G-LON,<=15,54228,3.0,5.0,13.0
MC,SU,G-LON,15-30,10357,25.0,6.0,16.0
MC,SU,G-LON,30-45,15407,32.0,6.0,16.0
MC,SU,G-LON,45-90,53296,60.0,5.0,16.0
MC,SU,G-LON,90-180,70030,125.0,6.0,35.0
MC,SU,G-LON,180-360,65469,211.0,50.0,94.0
MC,SU,G-LON,>360,28565,418.0,92.0,109.0
MC,SU,G-RA,<=15,54228,3.0,5.0,13.0
MC,SU,G-RA,15-30,10357,25.0,7.0,17.0
MC,SU,G-RA,30-45,15407,32.0,6.0,16.0
MC,SU,G-RA,45-90,53296,60.0,5.0,16.0
MC,SU,G-RA,90-180,70030,125.0,6.0,36.0
MC,SU,G-RA,180-360,65469,211.0,51.0,94.0
MC,SU,G-RA,>360,28565,418.0,92.0,108.0
MC,UR,G-LON,<=15,54228,3.0,5.0,13.0
MC,UR,G-LON,15-30,10357,25.0,6.0,17.0
MC,UR,G-LON,30-45,15407,32.0,6.0,16.0
MC,UR,G-LON,45-90,53296,60.0,5.0,16.0
MC,UR,G-LON,90-180,70030,125.0,6.0,35.0
MC,UR,G-LON,180-360,65469,211.0,50.0,94.0
MC,UR,G-LON,>360,28565,418.0,92.0,109.0
MC,UR,G-RA,<=15,54228,3.0,5.0,13.0
MC,UR,G-RA,15-30,10357,25.0,6.0,17.0
MC,UR,G-RA,30-45,15407,32.0,6.0,16.0
MC,UR,G-RA,45-90,53296,60.0,5.0,16.0
MC,UR,G-RA,90-180,70030,125.0,6.0,36.0
MC,UR,G-RA,180-360,65469,211.0,51.0,94.0
MC,UR,G-RA,>360,28565,418.0,92.0,109.0
MC,VE,G-LON,<=15,54228,3.0,5.0,13.0
MC,VE,G-LON,15-30,10357,25.0,6.0,17.0
MC,VE,G-LON,30-45,15407,32.0,6.0,16.0
MC,VE,G-LON,45-90,53296,60.0,5.0,16.0
MC,VE,G-LON,90-180,70030,125.0,6.0,35.0
MC,VE,G-LON,180-360,65469,211.0,50.0,94.0
MC,VE,G-LON,>360,28565,418.0,92.0,109.0
MC,VE,G-RA,<=15,54228,3.0,5.0,13.0
MC,VE,G-RA,15-30,10357,25.0,6.0,17.0
MC,VE,G-RA,30-45,15407,32.0,6.0,16.0
MC,VE,G-RA,45-90,53296,60.0,5.0,16.0
MC,VE,G-RA,90-180,70030,125.0,6.0,36.0
MC,VE,G-RA,180-360,65469,211.0,51.0,94.0
MC,VE,G-RA,>360,28565,418.0,92.0,108.0
MC,VS,G-LON,<=15,54228,3.0,5.0,13.0
MC,VS,G-LON,15-30,10357,25.0,6.0,17.0
MC,VS,G-LON,30-45,15407,32.0,6.0,16.0
MC,VS,G-LON,45-90,53296,60.0,5.0,16.0
MC,VS,G-LON,90-180,70030,125.0,6.0,35.0
MC,VS,G-LON,180-360,65469,211.0,50.0,94.0
MC,VS,G-LON,>360,28565,418.0,92.0,109.0
MC,VS,G-RA,<=15,54228,3.0,5.0,13.0
MC,VS,G-RA,15-30,10357,25.0,6.0,17.0
MC,VS,G-RA,30-45,15407,32.0,6.0,16.0
MC,VS,G-RA,45-90,53296,60.0,5.0,16.0
MC,VS,G-RA,90-180,70030,125.0,6.0,36.0
MC,VS,G-RA,180-360,65469,211.0,51.0,94.0
MC,VS,G-RA,>360,28565,418.0,92.0,108.0
ME,CE,G-AZ,<=15,54228,3.0,3.0,18.0
ME,CE,G-AZ,15-30,10357,25.0,4.0,23.0
ME,CE,G-AZ,30-45,15407,32.0,4.0,21.0
ME,CE,G-AZ,45-90,53296,60.0,3.0,17.0
ME,CE,G-AZ,90-180,70030,125.0,5.0,26.0
ME,CE,G-AZ,180-360,65469,211.0,13.0,67.0
ME,CE,G-AZ,>360,28565,418.0,29.0,80.0
ME,JN,G-AZ,<=15,54228,3.0,3.0,14.0
ME,JN,G-AZ,15-30,10357,25.0,4.0,18.0
ME,JN,G-AZ,30-45,15407,32.0,4.0,17.0
ME,JN,G-AZ,45-90,53296,60.0,3.0,14.0
ME,JN,G-AZ,90-180,70030,125.0,4.0,20.0
ME,JN,G-AZ,180-360,65469,211.0,10.0,48.0
ME,JN,G-AZ,>360,28565,418.0,23.0,62.0
ME,JU,G-AZ,<=15,54228,3.0,3.0,15.0
ME,JU,G-AZ,15-30,10357,25.0,4.0,19.0
ME,JU,G-AZ,30-45,15407,32.0,3.0,18.0
ME,JU,G-AZ,45-90,53296,60.0,3.0,15.0
ME,JU,G-AZ,90-180,70030,125.0,4.0,21.0
ME,JU,G-AZ,180-360,65469,211.0,10.0,59.0
ME,JU,G-AZ,>360,28565,418.0,27.0,74.0
ME,MA,G-AZ,<=15,54228,3.0,3.0,16.0
ME,MA,G-AZ,15-30,10357,25.0,4.0,20.0
ME,MA,G-AZ,30-45,15407,32.0,4.0,19.0
ME,MA,G-AZ,45-90,53296,60.0,3.0,15.0
ME,MA,G-AZ,90-180,70030,125.0,4.0,22.0
ME,MA,G-AZ,180-360,65469,211.0,10.0,60.0
ME,MA,G-AZ,>360,28565,418.0,24.0,76.0
ME,NE,G-AZ,<=15,54228,3.0,3.0,17.0
ME,NE,G-AZ,15-30,10357,25.0,4.0,20.0
ME,NE,G-AZ,30-45,15407,32.0,3.0,18.0
ME,NE,G-AZ,45-90,53296,60.0,3.0,16.0
ME,NE,G-AZ,90-180,70030,125.0,4.0,22.0
ME,NE,G-AZ,180-360,65469,211.0,10.0,49.0
ME,NE,G-AZ,>360,28565,418.0,20.0,62.0
ME,NN,G-AZ,<=15,54228,3.0,3.0,15.0
ME,NN,G-AZ,15-30,10357,25.0,3.0,19.0
ME,NN,G-AZ,30-45,15407,32.0,3.0,17.0
ME,NN,G-AZ,45-90,53296,60.0,3.0,14.0
ME,NN,G-AZ,90-180,70030,125.0,4.0,20.0
ME,NN,G-AZ,180-360,65469,211.0,10.0,57.0
ME,NN,G-AZ,>360,28565,418.0,24.0,74.0
ME,PA,G-AZ,<=15,54228,3.0,4.0,17.0
ME,PA,G-AZ,15-30,10357,25.0,5.0,21.0
ME,PA,G-AZ,30-45,15407,32.0,4.0,19.0
ME,PA,G-AZ,45-90,53296,60.0,4.0,16.0
ME,PA,G-AZ,90-180,70030,125.0,5.0,22.0
ME,PA,G-AZ,180-360,65469,211.0,12.0,54.0
ME,PA,G-AZ,>360,28565,418.0,27.0,68.0
ME,PL,G-AZ,<=15,54228,3.0,3.0,17.0
ME,PL,G-AZ,15-30,10357,25.0,4.0,22.0
ME,PL,G-AZ,30-45,15407,32.0,4.0,20.0
ME,PL,G-AZ,45-90,53296,60.0,3.0,16.0
ME,PL,G-AZ,90-180,70030,125.0,4.0,24.0
ME,PL,G-AZ,180-360,65469,211.0,14.0,62.0
ME,PL,G-AZ,>360,28565,418.0,33.0,71.0
ME,SA,G-AZ,<=15,54228,3.0,3.0,16.0
ME,SA,G-AZ,15-30,10357,25.0,4.0,21.0
ME,SA,G-AZ,30-45,15407,32.0,4.0,19.0
ME,SA,G-AZ,45-90,53296,60.0,3.0,16.0
ME,SA,G-AZ,90-180,70030,125.0,4.0,23.0
ME,SA,G-AZ,180-360,65469,211.0,11.0,59.0
ME,SA,G-AZ,>360,28565,418.0,26.0,73.0
ME,SU,G-AZ,<=15,54228,3.0,1.0,7.0
ME,SU,G-AZ,15-30,10357,25.0,1.0,13.0
ME,SU,G-AZ,30-45,15407,32.0,1.0,11.0
ME,SU,G-AZ,45-90,53296,60.0,1.0,7.0
ME,SU,G-AZ,90-180,70030,125.0,2.0,13.0
ME,SU,G-AZ,180-360,65469,211.0,6.0,34.0
ME,SU,G-AZ,>360,28565,418.0,17.0,41.0
ME,UR,G-AZ,<=15,54228,3.0,3.0,14.0
ME,UR,G-AZ,15-30,10357,25.0,3.0,18.0
ME,UR,G-AZ,30-45,15407,32.0,3.0,16.0
ME,UR,G-AZ,45-90,53296,60.0,3.0,14.0
ME,UR,G-AZ,90-180,70030,125.0,4.0,19.0
ME,UR,G-AZ,180-360,65469,211.0,9.0,49.0
ME,UR,G-AZ,>360,28565,418.0,19.0,69.0
ME,VE,G-AZ,<=15,54228,3.0,2.0,12.0
ME,VE,G-AZ,15-30,10357,25.0,3.0,16.0
ME,VE,G-AZ,30-45,15407,32.0,2.0,14.0
ME,VE,G-AZ,45-90,53296,60.0,2.0,11.0
ME,VE,G-AZ,90-180,70030,125.0,3.0,18.0
ME,VE,G-AZ,180-360,65469,211.0,8.0,59.0
ME,VE,G-AZ,>360,28565,418.0,24.0,78.0
ME,VS,G-AZ,<=15,54228,3.0,3.0,16.0
ME,VS,G-AZ,15-30,10357,25.0,4.0,20.0
ME,VS,G-AZ,30-45,15407,32.0,4.0,19.0
ME,VS,G-AZ,45-90,53296,60.0,3.0,16.0
ME,VS,G-AZ,90-180,70030,125.0,4.0,22.0
ME,VS,G-AZ,180-360,65469,211.0,11.0,60.0
ME,VS,G-AZ,>360,28565,418.0,25.0,75.0
MO,CE,G-AZ,<=15,54228,3.0,3.0,19.0
MO,CE,G-AZ,15-30,10357,25.0,4.0,23.0
MO,CE,G-AZ,30-45,15407,32.0,4.0,20.0
MO,CE,G-AZ,45-90,53296,60.0,3.0,18.0
MO,CE,G-AZ,90-180,70030,125.0,5.0,24.0
MO,CE,G-AZ,180-360,65469,211.0,12.0,67.0
MO,CE,G-AZ,>360,28565,418.0,30.0,85.0
MO,CE,G-LON,<=15,54228,3.0,0.0,0.0
MO,CE,G-LON,15-30,10357,25.0,0.0,1.0
MO,CE,G-LON,30-45,15407,32.0,0.0,1.0
MO,CE,G-LON,45-90,53296,60.0,1.0,1.0
MO,CE,G-LON,90-180,70030,125.0,1.0,2.0
MO,CE,G-LON,180-360,65469,211.0,2.0,3.0
MO,CE,G-LON,>360,28565,418.0,4.0,5.0
MO,CE,G-RA,<=15,54228,3.0,0.0,0.0
MO,CE,G-RA,15-30,10357,25.0,0.0,1.0
MO,CE,G-RA,30-45,15407,32.0,0.0,1.0
MO,CE,G-RA,45-90,53296,60.0,1.0,1.0
MO,CE,G-RA,90-180,70030,125.0,1.0,2.0
MO,CE,G-RA,180-360,65469,211.0,2.0,3.0
MO,CE,G-RA,>360,28565,418.0,4.0,5.0
MO,JN,G-AZ,<=15,54228,3.0,3.0,15.0
MO,JN,G-AZ,15-30,10357,25.0,4.0,16.0
MO,JN,G-AZ,30-45,15407,32.0,3.0,15.0
MO,JN,G-AZ,45-90,53296,60.0,3.0,14.0
MO,JN,G-AZ,90-180,70030,125.0,4.0,19.0
MO,JN,G-AZ,180-360,65469,211.0,11.0,52.0
MO,JN,G-AZ,>360,28565,418.0,26.0,65.0
MO,JN,G-LON,<=15,54228,3.0,0.0,0.0
MO,JN,G-LON,15-30,10357,25.0,0.0,1.0
MO,JN,G-LON,30-45,15407,32.0,0.0,1.0
MO,JN,G-LON,45-90,53296,60.0,1.0,1.0
MO,JN,G-LON,90-180,70030,125.0,1.0,2.0
MO,JN,G-LON,180-360,65469,211.0,2.0,3.0
MO,JN,G-LON,>360,28565,418.0,4.0,5.0
MO,JN,G-RA,<=15,54228,3.0,0.0,0.0
MO,JN,G-RA,15-30,10357,25.0,0.0,1.0
MO,JN,G-RA,30-45,15407,32.0,0.0,1.0
MO,JN,G-RA,45-90,53296,60.0,1.0,1.0
MO,JN,G-RA,90-180,70030,125.0,1.0,2.0
MO,JN,G-RA,180-360,65469,211.0,2.0,3.0
MO,JN,G-RA,>360,28565,418.0,4.0,5.0
MO,JU,G-AZ,<=15,54228,3.0,3.0,16.0
MO,JU,G-AZ,15-30,10357,25.0,3.0,18.0
MO,JU,G-AZ,30-45,15407,32.0,3.0,18.0
MO,JU,G-AZ,45-90,53296,60.0,3.0,15.0
MO,JU,G-AZ,90-180,70030,125.0,4.0,21.0
MO,JU,G-AZ,180-360,65469,211.0,11.0,60.0
MO,JU,G-AZ,>360,28565,418.0,26.0,77.0
MO,JU,G-LON,<=15,54228,3.0,0.0,0.0
MO,JU,G-LON,15-30,10357,25.0,0.0,1.0
MO,JU,G-LON,30-45,15407,32.0,0.0,1.0
MO,JU,G-LON,45-90,53296,60.0,1.0,1.0
MO,JU,G-LON,90-180,70030,125.0,1.0,2.0
MO,JU,G-LON,180-360,65469,211.0,2.0,3.0
MO,JU,G-LON,>360,28565,418.0,4.0,5.0
MO,JU,G-RA,<=15,54228,3.0,0.0,0.0
MO,JU,G-RA,15-30,10357,25.0,0.0,1.0
MO,JU,G-RA,30-45,15407,32.0,0.0,1.0
MO,JU,G-RA,45-90,53296,60.0,1.0,1.0
MO,JU,G-RA,90-180,70030,125.0,1.0,2.0
MO,JU,G-RA,180-360,65469,211.0,2.0,3.0
MO,JU,G-RA,>360,28565,418.0,4.0,5.0
MO,MA,G-AZ,<=15,54228,3.0,3.0,16.0
MO,MA,G-AZ,15-30,10357,25.0,4.0,20.0
MO,MA,G-AZ,30-45,15407,32.0,3.0,18.0
MO,MA,G-AZ,45-90,53296,60.0,3.0,16.0
MO,MA,G-AZ,90-180,70030,125.0,4.0,22.0
MO,MA,G-AZ,180-360,65469,211.0,11.0,65.0
MO,MA,G-AZ,>360,28565,418.0,25.0,80.0
MO,MA,G-LON,<=15,54228,3.0,0.0,0.0
MO,MA,G-LON,15-30,10357,25.0,0.0,1.0
MO,MA,G-LON,30-45,15407,32.0,0.0,1.0
MO,MA,G-LON,45-90,53296,60.0,1.0,1.0
MO,MA,G-LON,90-180,70030,125.0,1.0,2.0
MO,MA,G-LON,180-360,65469,211.0,2.0,3.0
MO,MA,G-LON,>360,28565,418.0,4.0,5.0
MO,MA,G-RA,<=15,54228,3.0,0.0,0.0
MO,MA,G-RA,15-30,10357,25.0,0.0,1.0
MO,MA,G-RA,30-45,15407,32.0,0.0,1.0
MO,MA,G-RA,45-90,53296,60.0,1.0,1.0
MO,MA,G-RA,90-180,70030,125.0,1.0,2.0
MO,MA,G-RA,180-360,65469,211.0,2.0,3.0
MO,MA,G-RA,>360,28565,418.0,4.0,5.0
MO,ME,G-AZ,<=15,54228,3.0,3.0,16.0
MO,ME,G-AZ,15-30,10357,25.0,4.0,20.0
MO,ME,G-AZ,30-45,15407,32.0,3.0,19.0
MO,ME,G-AZ,45-90,53296,60.0,3.0,15.0
MO,ME,G-AZ,90-180,70030,125.0,4.0,22.0
MO,ME,G-AZ,180-360,65469,211.0,10.0,58.0
MO,ME,G-AZ,>360,28565,418.0,26.0,75.0
MO,ME,G-LON,<=15,54228,3.0,0.0,0.0
MO,ME,G-LON,15-30,10357,25.0,0.0,1.0
MO,ME,G-LON,30-45,15407,32.0,0.0,1.0
MO,ME,G-LON,45-90,53296,60.0,1.0,1.0
MO,ME,G-LON,90-180,70030,125.0,1.0,2.0
MO,ME,G-LON,180-360,65469,211.0,2.0,3.0
MO,ME,G-LON,>360,28565,418.0,4.0,5.0
MO,ME,G-RA,<=15,54228,3.0,0.0,0.0
MO,ME,G-RA,15-30,10357,25.0,0.0,1.0
MO,ME,G-RA,30-45,15407,32.0,0.0,1.0
MO,ME,G-RA,45-90,53296,60.0,1.0,1.0
MO,ME,G-RA,90-180,70030,125.0,1.0,2.0
MO,ME,G-RA,180-360,65469,211.0,2.0,3.0
MO,ME,G-RA,>360,28565,418.0,4.0,5.0
MO,NE,G-AZ,<=15,54228,3.0,3.0,16.0
MO,NE,G-AZ,15-30,10357,25.0,3.0,18.0
MO,NE,G-AZ,30-45,15407,32.0,3.0,16.0
MO,NE,G-AZ,45-90,53296,60.0,3.0,15.0
MO,NE,G-AZ,90-180,70030,125.0,4.0,20.0
MO,NE,G-AZ,180-360,65469,211.0,10.0,58.0
MO,NE,G-AZ,>360,28565,418.0,26.0,73.0
MO,NE,G-LON,<=15,54228,3.0,0.0,0.0
MO,NE,G-LON,15-30,10357,25.0,0.0,1.0
MO,NE,G-LON,30-45,15407,32.0,0.0,1.0
MO,NE,G-LON,45-90,53296,60.0,1.0,1.0
MO,NE,G-LON,90-180,70030,125.0,1.0,2.0
MO,NE,G-LON,180-360,65469,211.0,2.0,3.0
MO,NE,G-LON,>360,28565,418.0,4.0,5.0
MO,NE,G-RA,<=15,54228,3.0,0.0,0.0
MO,NE,G-RA,15-30,10357,25.0,0.0,1.0
MO,NE,G-RA,30-45,15407,32.0,0.0,1.0
MO,NE,G-RA,45-90,53296,60.0,1.0,1.0
MO,NE,G-RA,90-180,70030,125.0,1.0,2.0
MO,NE,G-RA,180-360,65469,211.0,2.0,3.0
MO,NE,G-RA,>360,28565,418.0,4.0,5.0
MO,NN,G-AZ,<=15,54228,3.0,3.0,16.0
MO,NN,G-AZ,15-30,10357,25.0,4.0,19.0
MO,NN,G-AZ,30-45,15407,32.0,3.0,17.0
MO,NN,G-AZ,45-90,53296,60.0,3.0,15.0
MO,NN,G-AZ,90-180,70030,125.0,4.0,20.0
MO,NN,G-AZ,180-360,65469,211.0,10.0,58.0
MO,NN,G-AZ,>360,28565,418.0,25.0,76.0
MO,NN,G-LON,<=15,54228,3.0,0.0,0.0
MO,NN,G-LON,15-30,10357,25.0,0.0,1.0
MO,NN,G-LON,30-45,15407,32.0,0.0,1.0
MO,NN,G-LON,45-90,53296,60.0,1.0,1.0
MO,NN,G-LON,90-180,70030,125.0,1.0,2.0
MO,NN,G-LON,180-360,65469,211.0,2.0,3.0
MO,NN,G-LON,>360,28565,418.0,4.0,5.0
MO,NN,G-RA,<=15,54228,3.0,0.0,0.0
MO,NN,G-RA,15-30,10357,25.0,0.0,1.0
MO,NN,G-RA,30-45,15407,32.0,0.0,1.0
MO,NN,G-RA,45-90,53296,60.0,1.0,1.0
MO,NN,G-RA,90-180,70030,125.0,1.0,2.0
MO,NN,G-RA,180-360,65469,211.0,2.0,3.0
MO,NN,G-RA,>360,28565,418.0,4.0,5.0
MO,PA,G-AZ,<=15,54228,3.0,4.0,17.0
MO,PA,G-AZ,15-30,10357,25.0,4.0,18.0
MO,PA,G-AZ,30-45,15407,32.0,4.0,17.0
MO,PA,G-AZ,45-90,53296,60.0,4.0,16.0
MO,PA,G-AZ,90-180,70030,125.0,5.0,21.0
MO,PA,G-AZ,180-360,65469,211.0,12.0,56.0
MO,PA,G-AZ,>360,28565,418.0,28.0,72.0
MO,PA,G-LON,<=15,54228,3.0,0.0,0.0
MO,PA,G-LON,15-30,10357,25.0,0.0,1.0
MO,PA,G-LON,30-45,15407,32.0,0.0,1.0
MO,PA,G-LON,45-90,53296,60.0,1.0,1.0
MO,PA,G-LON,90-180,70030,125.0,1.0,2.0
MO,PA,G-LON,180-360,65469,211.0,2.0,3.0
MO,PA,G-LON,>360,28565,418.0,4.0,5.0
MO,PA,G-RA,<=15,54228,3.0,0.0,0.0
MO,PA,G-RA,15-30,10357,25.0,0.0,1.0
MO,PA,G-RA,30-45,15407,32.0,0.0,1.0
MO,PA,G-RA,45-90,53296,60.0,1.0,1.0
MO,PA,G-RA,90-180,70030,125.0,1.0,2.0
MO,PA,G-RA,180-360,65469,211.0,2.0,3.0
MO,PA,G-RA,>360,28565,418.0,4.0,5.0
MO,PL,G-AZ,<=15,54228,3.0,3.0,17.0
MO,PL,G-AZ,15-30,10357,25.0,4.0,20.0
MO,PL,G-AZ,30-45,15407,32.0,4.0,19.0
MO,PL,G-AZ,45-90,53296,60.0,3.0,16.0
MO,PL,G-AZ,90-180,70030,125.0,4.0,22.0
MO,PL,G-AZ,180-360,65469,211.0,11.0,62.0
MO,PL,G-AZ,>360,28565,418.0,26.0,77.0
MO,PL,G-LON,<=15,54228,3.0,0.0,0.0
MO,PL,G-LON,15-30,10357,25.0,0.0,1.0
MO,PL,G-LON,30-45,15407,32.0,0.0,1.0
MO,PL,G-LON,45-90,53296,60.0,1.0,1.0
MO,PL,G-LON,90-180,70030,125.0,1.0,2.0
MO,PL,G-LON,180-360,65469,211.0,2.0,3.0
MO,PL,G-LON,>360,28565,418.0,4.0,5.0
MO,PL,G-RA,<=15,54228,3.0,0.0,0.0
MO,PL,G-RA,15-30,10357,25.0,0.0,1.0
MO,PL,G-RA,30-45,15407,32.0,0.0,1.0
MO,PL,G-RA,45-90,53296,60.0,1.0,1.0
MO,PL,G-RA,90-180,70030,125.0,1.0,2.0
MO,PL,G-RA,180-360,65469,211.0,2.0,3.0
MO,PL,G-RA,>360,28565,418.0,4.0,5.0
MO,SA,G-AZ,<=15,54228,3.0,3.0,16.0
MO,SA,G-AZ,15-30,10357,25.0,4.0,19.0
MO,SA,G-AZ,30-45,15407,32.0,3.0,18.0
MO,SA,G-AZ,45-90,53296,60.0,3.0,16.0
MO,SA,G-AZ,90-180,70030,125.0,4.0,21.0
MO,SA,G-AZ,180-360,65469,211.0,11.0,61.0
MO,SA,G-AZ,>360,28565,418.0,26.0,77.0
MO,SA,G-LON,<=15,54228,3.0,0.0,0.0
MO,SA,G-LON,15-30,10357,25.0,0.0,1.0
MO,SA,G-LON,30-45,15407,32.0,0.0,1.0
MO,SA,G-LON,45-90,53296,60.0,1.0,1.0
MO,SA,G-LON,90-180,70030,125.0,1.0,2.0
MO,SA,G-LON,180-360,65469,211.0,2.0,3.0
MO,SA,G-LON,>360,28565,418.0,4.0,5.0
MO,SA,G-RA,<=15,54228,3.0,0.0,0.0
MO,SA,G-RA,15-30,10357,25.0,0.0,1.0
MO,SA,G-RA,30-45,15407,32.0,0.0,1.0
MO,SA,G-RA,45-90,53296,60.0,1.0,1.0
MO,SA,G-RA,90-180,70030,125.0,1.0,2.0
MO,SA,G-RA,180-360,65469,211.0,2.0,3.0
MO,SA,G-RA,>360,28565,418.0,4.0,5.0
MO,SU,G-AZ,<=15,54228,3.0,3.0,16.0
MO,SU,G-AZ,15-30,10357,25.0,4.0,23.0
MO,SU,G-AZ,30-45,15407,32.0,4.0,21.0
MO,SU,G-AZ,45-90,53296,60.0,3.0,17.0
MO,SU,G-AZ,90-180,70030,125.0,4.0,25.0
MO,SU,G-AZ,180-360,65469,211.0,11.0,49.0
MO,SU,G-AZ,>360,28565,418.0,29.0,60.0
MO,SU,G-LON,<=15,54228,3.0,0.0,0.0
MO,SU,G-LON,15-30,10357,25.0,0.0,1.0
MO,SU,G-LON,30-45,15407,32.0,0.0,1.0
MO,SU,G-LON,45-90,53296,60.0,1.0,1.0
MO,SU,G-LON,90-180,70030,125.0,1.0,2.0
MO,SU,G-LON,180-360,65469,211.0,2.0,3.0
MO,SU,G-LON,>360,28565,418.0,4.0,5.0
MO,SU,G-RA,<=15,54228,3.0,0.0,0.0
MO,SU,G-RA,15-30,10357,25.0,0.0,1.0
MO,SU,G-RA,30-45,15407,32.0,0.0,1.0
MO,SU,G-RA,45-90,53296,60.0,1.0,1.0
MO,SU,G-RA,90-180,70030,125.0,1.0,2.0
MO,SU,G-RA,180-360,65469,211.0,2.0,3.0
MO,SU,G-RA,>360,28565,418.0,4.0,5.0
MO,UR,G-AZ,<=15,54228,3.0,3.0,15.0
MO,UR,G-AZ,15-30,10357,25.0,3.0,17.0
MO,UR,G-AZ,30-45,15407,32.0,3.0,16.0
MO,UR,G-AZ,45-90,53296,60.0,3.0,14.0
MO,UR,G-AZ,90-180,70030,125.0,4.0,19.0
MO,UR,G-AZ,180-360,65469,211.0,10.0,55.0
MO,UR,G-AZ,>360,28565,418.0,25.0,72.0
MO,UR,G-LON,<=15,54228,3.0,0.0,0.0
MO,UR,G-LON,15-30,10357,25.0,0.0,1.0
MO,UR,G-LON,30-45,15407,32.0,0.0,1.0
MO,UR,G-LON,45-90,53296,60.0,1.0,1.0
MO,UR,G-LON,90-180,70030,125.0,1.0,2.0
MO,UR,G-LON,180-360,65469,211.0,2.0,3.0
MO,UR,G-LON,>360,28565,418.0,4.0,5.0
MO,UR,G-RA,<=15,54228,3.0,0.0,0.0
MO,UR,G-RA,15-30,10357,25.0,0.0,1.0
MO,UR,G-RA,30-45,15407,32.0,0.0,1.0
MO,UR,G-RA,45-90,53296,60.0,1.0,1.0
MO,UR,G-RA,90-180,70030,125.0,1.0,2.0
MO,UR,G-RA,180-360,65469,211.0,2.0,3.0
MO,UR,G-RA,>360,28565,418.0,4.0,5.0
MO,VE,G-AZ,<=15,54228,3.0,3.0,16.0
MO,VE,G-AZ,15-30,10357,25.0,3.0,18.0
MO,VE,G-AZ,30-45,15407,32.0,3.0,17.0
MO,VE,G-AZ,45-90,53296,60.0,3.0,15.0
MO,VE,G-AZ,90-180,70030,125.0,4.0,21.0
MO,VE,G-AZ,180-360,65469,211.0,10.0,65.0
MO,VE,G-AZ,>360,28565,418.0,28.0,83.0
MO,VE,G-LON,<=15,54228,3.0,0.0,0.0
MO,VE,G-LON,15-30,10357,25.0,0.0,1.0
MO,VE,G-LON,30-45,15407,32.0,0.0,1.0
MO,VE,G-LON,45-90,53296,60.0,1.0,1.0
MO,VE,G-LON,90-180,70030,125.0,1.0,2.0
MO,VE,G-LON,180-360,65469,211.0,2.0,3.0
MO,VE,G-LON,>360,28565,418.0,4.0,5.0
MO,VE,G-RA,<=15,54228,3.0,0.0,0.0
MO,VE,G-RA,15-30,10357,25.0,0.0,1.0
MO,VE,G-RA,30-45,15407,32.0,0.0,1.0
MO,VE,G-RA,45-90,53296,60.0,1.0,1.0
MO,VE,G-RA,90-180,70030,125.0,1.0,2.0
MO,VE,G-RA,180-360,65469,211.0,2.0,3.0
MO,VE,G-RA,>360,28565,418.0,4.0,5.0
MO,VS,G-AZ,<=15,54228,3.0,3.0,16.0
MO,VS,G-AZ,15-30,10357,25.0,4.0,19.0
MO,VS,G-AZ,30-45,15407,32.0,3.0,17.0
MO,VS,G-AZ,45-90,53296,60.0,3.0,16.0
MO,VS,G-AZ,90-180,70030,125.0,4.0,21.0
MO,VS,G-AZ,180-360,65469,211.0,11.0,62.0
MO,VS,G-AZ,>360,28565,418.0,28.0,79.0
MO,VS,G-LON,<=15,54228,3.0,0.0,0.0
MO,VS,G-LON,15-30,10357,25.0,0.0,1.0
MO,VS,G-LON,30-45,15407,32.0,0.0,1.0
MO,VS,G-LON,45-90,53296,60.0,1.0,1.0
MO,VS,G-LON,90-180,70030,125.0,1.0,2.0
MO,VS,G-LON,180-360,65469,211.0,2.0,3.0
MO,VS,G-LON,>360,28565,418.0,4.0,5.0
MO,VS,G-RA,<=15,54228,3.0,0.0,0.0
MO,VS,G-RA,15-30,10357,25.0,0.0,1.0
MO,VS,G-RA,30-45,15407,32.0,0.0,1.0
MO,VS,G-RA,45-90,53296,60.0,1.0,1.0
MO,VS,G-RA,90-180,70030,125.0,1.0,2.0
MO,VS,G-RA,180-360,65469,211.0,2.0,3.0
MO,VS,G-RA,>360,28565,418.0,4.0,5.0
VX G-LON,MO,G-LON_x_G-AZ,<=15,54228,3.0,3.0,19.0
VX G-LON,MO,G-LON_x_G-AZ,15-30,10357,25.0,4.0,21.0
VX G-LON,MO,G-LON_x_G-AZ,30-45,15407,32.0,3.0,19.0
VX G-LON,MO,G-LON_x_G-AZ,45-90,53296,60.0,3.0,18.0
VX G-LON,MO,G-LON_x_G-AZ,90-180,70030,125.0,5.0,23.0
VX G-LON,MO,G-LON_x_G-AZ,180-360,65469,211.0,12.0,62.0
VX G-LON,MO,G-LON_x_G-AZ,>360,28565,418.0,26.0,82.0
VX G-LON,MO,G-LON_x_G-RA,<=15,54228,3.0,6.0,22.0
VX G-LON,MO,G-LON_x_G-RA,15-30,10357,25.0,7.0,25.0
VX G-LON,MO,G-LON_x_G-RA,30-45,15407,32.0,7.0,25.0
VX G-LON,MO,G-LON_x_G-RA,45-90,53296,60.0,6.0,21.0
VX G-LON,MO,G-LON_x_G-RA,90-180,70030,125.0,8.0,37.0
VX G-LON,MO,G-LON_x_G-RA,180-360,65469,211.0,48.0,139.0
VX G-LON,MO,G-LON_x_G-RA,>360,28565,418.0,101.0,163.0
VX G-RA,MO,G-RA_x_G-AZ,<=15,54228,3.0,3.0,20.0
VX G-RA,MO,G-RA_x_G-AZ,15-30,10357,25.0,4.0,22.0
VX G-RA,MO,G-RA_x_G-AZ,30-45,15407,32.0,4.0,20.0
VX G-RA,MO,G-RA_x_G-AZ,45-90,53296,60.0,3.0,19.0
VX G-RA,MO,G-RA_x_G-AZ,90-180,70030,125.0,5.0,23.0
VX G-RA,MO,G-RA_x_G-AZ,180-360,65469,211.0,12.0,61.0
VX G-RA,MO,G-RA_x_G-AZ,>360,28565,418.0,27.0,80.0
VX G-RA,MO,G-RA_x_G-LON,<=15,54228,3.0,6.0,23.0
VX G-RA,MO,G-RA_x_G-LON,15-30,10357,25.0,7.0,26.0
VX G-RA,MO,G-RA_x_G-LON,30-45,15407,32.0,8.0,25.0
VX G-RA,MO,G-RA_x_G-LON,45-90,53296,60.0,5.0,22.0
VX G-RA,MO,G-RA_x_G-LON,90-180,70030,125.0,8.0,38.0
VX G-RA,MO,G-RA_x_G-LON,180-360,65469,211.0,48.0,137.0
VX G-RA,MO,G-RA_x_G-LON,>360,28565,418.0,104.0,162.0
VX,CE,G-LON,<=15,54228,3.0,6.0,22.0
VX,CE,G-LON,15-30,10357,25.0,7.0,26.0
VX,CE,G-LON,30-45,15407,32.0,7.0,25.0
VX,CE,G-LON,45-90,53296,60.0,6.0,21.0
VX,CE,G-LON,90-180,70030,125.0,8.0,38.0
VX,CE,G-LON,180-360,65469,211.0,50.0,142.0
VX,CE,G-LON,>360,28565,418.0,105.0,166.0
VX,CE,G-RA,<=15,54228,3.0,6.0,23.0
VX,CE,G-RA,15-30,10357,25.0,8.0,26.0
VX,CE,G-RA,30-45,15407,32.0,8.0,25.399999999999636
VX,CE,G-RA,45-90,53296,60.0,6.0,22.0
VX,CE,G-RA,90-180,70030,125.0,8.0,39.0
VX,CE,G-RA,180-360,65469,211.0,51.0,140.0
VX,CE,G-RA,>360,28565,418.0,108.0,165.0
VX,JN,G-LON,<=15,54228,3.0,6.0,22.0
VX,JN,G-LON,15-30,10357,25.0,8.0,26.0
VX,JN,G-LON,30-45,15407,32.0,7.0,25.0
VX,JN,G-LON,45-90,53296,60.0,6.0,21.0
VX,JN,G-LON,90-180,70030,125.0,8.0,38.0
VX,JN,G-LON,180-360,65469,211.0,50.0,142.0
VX,JN,G-LON,>360,28565,418.0,105.0,166.0
VX,JN,G-RA,<=15,54228,3.0,6.0,23.0
VX,JN,G-RA,15-30,10357,25.0,8.0,26.0
VX,JN,G-RA,30-45,15407,32.0,8.0,25.0
VX,JN,G-RA,45-90,53296,60.0,6.0,22.0
VX,JN,G-RA,90-180,70030,125.0,8.0,39.0
VX,JN,G-RA,180-360,65469,211.0,51.0,140.0
VX,JN,G-RA,>360,28565,418.0,108.0,165.0
VX,JU,G-LON,<=15,54228,3.0,6.0,22.0
VX,JU,G-LON,15-30,10357,25.0,7.0,26.0
VX,JU,G-LON,30-45,15407,32.0,7.0,25.0
VX,JU,G-LON,45-90,53296,60.0,6.0,21.0
VX,JU,G-LON,90-180,70030,125.0,8.0,38.0
VX,JU,G-LON,180-360,65469,211.0,50.0,142.0
VX,JU,G-LON,>360,28565,418.0,105.0,166.0
VX,JU,G-RA,<=15,54228,3.0,6.0,24.0
VX,JU,G-RA,15-30,10357,25.0,8.0,26.0
VX,JU,G-RA,30-45,15407,32.0,8.0,25.0
VX,JU,G-RA,45-90,53296,60.0,6.0,22.0
VX,JU,G-RA,90-180,70030,125.0,8.0,39.0
VX,JU,G-RA,180-360,65469,211.0,51.0,140.0
VX,JU,G-RA,>360,28565,418.0,108.0,166.0
VX,MA,G-LON,<=15,54228,3.0,6.0,23.0
VX,MA,G-LON,15-30,10357,25.0,7.0,26.0
VX,MA,G-LON,30-45,15407,32.0,7.0,25.0
VX,MA,G-LON,45-90,53296,60.0,6.0,21.0
VX,MA,G-LON,90-180,70030,125.0,8.0,38.0
VX,MA,G-LON,180-360,65469,211.0,50.0,141.0
VX,MA,G-LON,>360,28565,418.0,105.0,166.0
VX,MA,G-RA,<=15,54228,3.0,6.0,23.0
VX,MA,G-RA,15-30,10357,25.0,8.0,26.0
VX,MA,G-RA,30-45,15407,32.0,8.0,25.0
VX,MA,G-RA,45-90,53296,60.0,6.0,22.0
VX,MA,G-RA,90-180,70030,125.0,8.0,39.0
VX,MA,G-RA,180-360,65469,211.0,51.0,140.0
VX,MA,G-RA,>360,28565,418.0,108.0,165.0
VX,ME,G-LON,<=15,54228,3.0,6.0,23.0
VX,ME,G-LON,15-30,10357,25.0,8.0,26.0
VX,ME,G-LON,30-45,15407,32.0,7.0,25.0
VX,ME,G-LON,45-90,53296,60.0,6.0,21.0
VX,ME,G-LON,90-180,70030,125.0,8.0,38.0
VX,ME,G-LON,180-360,65469,211.0,50.0,141.0
VX,ME,G-LON,>360,28565,418.0,105.0,166.0
VX,ME,G-RA,<=15,54228,3.0,6.0,23.0
VX,ME,G-RA,15-30,10357,25.0,8.0,26.0
VX,ME,G-RA,30-45,15407,32.0,8.0,25.0
VX,ME,G-RA,45-90,53296,60.0,6.0,22.0
VX,ME,G-RA,90-180,70030,125.0,8.0,39.0
VX,ME,G-RA,180-360,65469,211.0,51.0,139.0
VX,ME,G-RA,>360,28565,418.0,107.0,165.0
VX,MO,G-LON,<=15,54228,3.0,6.0,22.0
VX,MO,G-LON,15-30,10357,25.0,7.0,26.0
VX,MO,G-LON,30-45,15407,32.0,7.0,25.0
VX,MO,G-LON,45-90,53296,60.0,6.0,21.0
VX,MO,G-LON,90-180,70030,125.0,8.0,37.0
VX,MO,G-LON,180-360,65469,211.0,48.0,139.0
VX,MO,G-LON,>360,28565,418.0,101.0,163.0
VX,MO,G-RA,<=15,54228,3.0,6.0,23.0
VX,MO,G-RA,15-30,10357,25.0,7.0,26.0
VX,MO,G-RA,30-45,15407,32.0,8.0,25.0
VX,MO,G-RA,45-90,53296,60.0,5.0,22.0
VX,MO,G-RA,90-180,70030,125.0,8.0,38.0
VX,MO,G-RA,180-360,65469,211.0,48.0,137.0
VX,MO,G-RA,>360,28565,418.0,104.0,162.0
VX,NE,G-LON,<=15,54228,3.0,6.0,22.0
VX,NE,G-LON,15-30,10357,25.0,7.0,26.0
VX,NE,G-LON,30-45,15407,32.0,7.0,25.0
VX,NE,G-LON,45-90,53296,60.0,6.0,21.0
VX,NE,G-LON,90-180,70030,125.0,8.0,38.0
VX,NE,G-LON,180-360,65469,211.0,50.0,142.0
VX,NE,G-LON,>360,28565,418.0,105.0,166.0
VX,NE,G-RA,<=15,54228,3.0,6.0,23.0
VX,NE,G-RA,15-30,10357,25.0,8.0,26.0
VX,NE,G-RA,30-45,15407,32.0,8.0,25.0
VX,NE,G-RA,45-90,53296,60.0,6.0,22.0
VX,NE,G-RA,90-180,70030,125.0,8.0,39.0
VX,NE,G-RA,180-360,65469,211.0,51.0,140.0
VX,NE,G-RA,>360,28565,418.0,108.0,166.0
VX,NN,G-LON,<=15,54228,3.0,6.0,22.0
VX,NN,G-LON,15-30,10357,25.0,8.0,26.0
VX,NN,G-LON,30-45,15407,32.0,7.0,25.0
VX,NN,G-LON,45-90,53296,60.0,6.0,21.0
VX,NN,G-LON,90-180,70030,125.0,8.0,38.0
VX,NN,G-LON,180-360,65469,211.0,50.0,142.0
VX,NN,G-LON,>360,28565,418.0,105.0,166.0
VX,NN,G-RA,<=15,54228,3.0,6.0,23.0
VX,NN,G-RA,15-30,10357,25.0,8.0,26.0
VX,NN,G-RA,30-45,15407,32.0,8.0,25.0
VX,NN,G-RA,45-90,53296,60.0,6.0,22.0
VX,NN,G-RA,90-180,70030,125.0,8.0,39.0
VX,NN,G-RA,180-360,65469,211.0,51.0,140.0
VX,NN,G-RA,>360,28565,418.0,108.0,166.0
VX,PA,G-LON,<=15,54228,3.0,6.0,22.0
VX,PA,G-LON,15-30,10357,25.0,8.0,26.0
VX,PA,G-LON,30-45,15407,32.0,7.0,25.0
VX,PA,G-LON,45-90,53296,60.0,6.0,21.0
VX,PA,G-LON,90-180,70030,125.0,8.0,38.0
VX,PA,G-LON,180-360,65469,211.0,50.0,142.0
VX,PA,G-LON,>360,28565,418.0,105.0,166.0
VX,PA,G-RA,<=15,54228,3.0,6.0,23.0
VX,PA,G-RA,15-30,10357,25.0,8.0,26.0
VX,PA,G-RA,30-45,15407,32.0,8.0,26.0
VX,PA,G-RA,45-90,53296,60.0,6.0,22.0
VX,PA,G-RA,90-180,70030,125.0,8.0,39.0
VX,PA,G-RA,180-360,65469,211.0,51.0,140.0
VX,PA,G-RA,>360,28565,418.0,108.0,165.0
VX,PFdn,G-LON,<=15,54228,3.0,3.0,23.0
VX,PFdn,G-LON,15-30,10357,25.0,5.0,29.0
VX,PFdn,G-LON,30-45,15407,32.0,4.0,25.0
VX,PFdn,G-LON,45-90,53296,60.0,3.0,22.0
VX,PFdn,G-LON,90-180,70030,125.0,5.0,34.0
VX,PFdn,G-LON,180-360,65469,211.0,17.0,79.0
VX,PFdn,G-LON,>360,28565,418.0,48.0,90.0
VX,PFdn,G-RA,<=15,54228,3.0,4.0,24.0
VX,PFdn,G-RA,15-30,10357,25.0,5.0,29.0
VX,PFdn,G-RA,30-45,15407,32.0,4.0,26.0
VX,PFdn,G-RA,45-90,53296,60.0,4.0,23.0
VX,PFdn,G-RA,90-180,70030,125.0,5.0,34.0
VX,PFdn,G-RA,180-360,65469,211.0,18.0,78.0
VX,PFdn,G-RA,>360,28565,418.0,49.0,90.60000000000218
VX,PFff,G-LON,<=15,54228,3.0,3.0,16.0
VX,PFff,G-LON,15-30,10357,25.0,5.0,18.0
VX,PFff,G-LON,30-45,15407,32.0,4.0,17.0
VX,PFff,G-LON,45-90,53296,60.0,3.0,15.0
VX,PFff,G-LON,90-180,70030,125.0,5.0,21.0
VX,PFff,G-LON,180-360,65469,211.0,16.0,72.0
VX,PFff,G-LON,>360,28565,418.0,47.0,83.0
VX,PFff,G-RA,<=15,54228,3.0,4.0,17.0
VX,PFff,G-RA,15-30,10357,25.0,5.0,18.0
VX,PFff,G-RA,30-45,15407,32.0,4.0,17.0
VX,PFff,G-RA,45-90,53296,60.0,3.0,16.0
VX,PFff,G-RA,90-180,70030,125.0,5.0,22.0
VX,PFff,G-RA,180-360,65469,211.0,17.0,70.0
VX,PFff,G-RA,>360,28565,418.0,48.0,83.0
VX,PL,G-LON,<=15,54228,3.0,6.0,22.0
VX,PL,G-LON,15-30,10357,25.0,8.0,26.0
VX,PL,G-LON,30-45,15407,32.0,7.0,25.0
VX,PL,G-LON,45-90,53296,60.0,6.0,21.0
VX,PL,G-LON,90-180,70030,125.0,8.0,38.0
VX,PL,G-LON,180-360,65469,211.0,50.0,142.0
VX,PL,G-LON,>360,28565,418.0,105.0,166.0
VX,PL,G-RA,<=15,54228,3.0,6.0,23.0
VX,PL,G-RA,15-30,10357,25.0,8.0,26.0
VX,PL,G-RA,30-45,15407,32.0,8.0,25.0
VX,PL,G-RA,45-90,53296,60.0,6.0,22.0
VX,PL,G-RA,90-180,70030,125.0,8.0,39.0
VX,PL,G-RA,180-360,65469,211.0,51.0,140.0
VX,PL,G-RA,>360,28565,418.0,108.0,166.0
VX,SA,G-LON,<=15,54228,3.0,6.0,22.0
VX,SA,G-LON,15-30,10357,25.0,8.0,26.0
VX,SA,G-LON,30-45,15407,32.0,7.0,25.0
VX,SA,G-LON,45-90,53296,60.0,6.0,21.0
VX,SA,G-LON,90-180,70030,125.0,8.0,38.0
VX,SA,G-LON,180-360,65469,211.0,50.0,142.0
VX,SA,G-LON,>360,28565,418.0,105.0,166.0
VX,SA,G-RA,<=15,54228,3.0,6.0,24.0
VX,SA,G-RA,15-30,10357,25.0,8.0,26.0
VX,SA,G-RA,30-45,15407,32.0,8.0,25.0
VX,SA,G-RA,45-90,53296,60.0,6.0,22.0
VX,SA,G-RA,90-180,70030,125.0,8.0,39.0
VX,SA,G-RA,180-360,65469,211.0,51.0,140.0
VX,SA,G-RA,>360,28565,418.0,108.0,166.0
VX,SU,G-LON,<=15,54228,3.0,6.0,22.0
VX,SU,G-LON,15-30,10357,25.0,8.0,26.0
VX,SU,G-LON,30-45,15407,32.0,7.0,25.0
VX,SU,G-LON,45-90,53296,60.0,6.0,21.0
VX,SU,G-LON,90-180,70030,125.0,8.0,38.0
VX,SU,G-LON,180-360,65469,211.0,50.0,141.0
VX,SU,G-LON,>360,28565,418.0,105.0,166.0
VX,SU,G-RA,<=15,54228,3.0,6.0,23.0
VX,SU,G-RA,15-30,10357,25.0,8.0,26.0
VX,SU,G-RA,30-45,15407,32.0,8.0,25.0
VX,SU,G-RA,45-90,53296,60.0,6.0,22.0
VX,SU,G-RA,90-180,70030,125.0,8.0,39.0
VX,SU,G-RA,180-360,65469,211.0,51.0,139.0
VX,SU,G-RA,>360,28565,418.0,107.0,165.0
VX,UR,G-LON,<=15,54228,3.0,6.0,22.0
VX,UR,G-LON,15-30,10357,25.0,8.0,26.0
VX,UR,G-LON,30-45,15407,32.0,7.0,25.0
VX,UR,G-LON,45-90,53296,60.0,6.0,21.0
VX,UR,G-LON,90-180,70030,125.0,8.0,38.0
VX,UR,G-LON,180-360,65469,211.0,50.0,142.0
VX,UR,G-LON,>360,28565,418.0,105.0,166.0
VX,UR,G-RA,<=15,54228,3.0,6.0,24.0
VX,UR,G-RA,15-30,10357,25.0,8.0,26.0
VX,UR,G-RA,30-45,15407,32.0,8.0,25.0
VX,UR,G-RA,45-90,53296,60.0,6.0,22.0
VX,UR,G-RA,90-180,70030,125.0,8.0,39.0
VX,UR,G-RA,180-360,65469,211.0,51.0,140.0
VX,UR,G-RA,>360,28565,418.0,108.0,166.0
VX,VE,G-LON,<=15,54228,3.0,6.0,22.0
VX,VE,G-LON,15-30,10357,25.0,7.0,26.0
VX,VE,G-LON,30-45,15407,32.0,7.0,25.0
VX,VE,G-LON,45-90,53296,60.0,6.0,21.0
VX,VE,G-LON,90-180,70030,125.0,8.0,38.0
VX,VE,G-LON,180-360,65469,211.0,50.0,141.0
VX,VE,G-LON,>360,28565,418.0,105.0,166.0
VX,VE,G-RA,<=15,54228,3.0,6.0,23.30000000000291
VX,VE,G-RA,15-30,10357,25.0,8.0,26.0
VX,VE,G-RA,30-45,15407,32.0,8.0,25.0
VX,VE,G-RA,45-90,53296,60.0,6.0,22.0
VX,VE,G-RA,90-180,70030,125.0,8.0,39.0
VX,VE,G-RA,180-360,65469,211.0,51.0,139.0
VX,VE,G-RA,>360,28565,418.0,107.0,165.0
VX,VS,G-LON,<=15,54228,3.0,6.0,22.0
VX,VS,G-LON,15-30,10357,25.0,7.0,26.0
VX,VS,G-LON,30-45,15407,32.0,7.0,25.0
VX,VS,G-LON,45-90,53296,60.0,6.0,21.0
VX,VS,G-LON,90-180,70030,125.0,8.0,38.0
VX,VS,G-LON,180-360,65469,211.0,50.0,142.0
VX,VS,G-LON,>360,28565,418.0,105.0,166.0
VX,VS,G-RA,<=15,54228,3.0,6.0,24.0
VX,VS,G-RA,15-30,10357,25.0,8.0,26.0
VX,VS,G-RA,30-45,15407,32.0,8.0,25.0
VX,VS,G-RA,45-90,53296,60.0,6.0,22.0
VX,VS,G-RA,90-180,70030,125.0,8.0,39.0
VX,VS,G-RA,180-360,65469,211.0,51.0,140.0
VX,VS,G-RA,>360,28565,418.0,108.0,165.0
