feature_id,origin,body,frame,operational_class_provisional,resolution_mode,recommended_resolution_deg,near45_sep_median,near45_sep_p90,velocity_robust_deg_per_hr,daily_drift_deg_per_day,n_pairs,n_near45,dt_bin_profile_ref,exploratory_only,audit_version,master_sha256,timestamp_utc
Asc_G-AZ_x_MO_G-LON,Asc G-AZ,MO,G-AZ_x_G-LON,marginal,same-slate,2,2.0,7.0,2.0,13.86018332121963,297352,80481,Asc_G-AZ_x_MO_G-LON,True,v2.1,e5a6bad6c54a5460c25674dd0a9aa61a5c3bd3c6c48c054568829262744ccdd1,2026-05-28T22:26:24Z
Asc_G-AZ_x_MO_G-RA,Asc G-AZ,MO,G-AZ_x_G-RA,marginal,same-slate,2,2.0,7.0,2.0,13.780763887052444,297352,80481,Asc_G-AZ_x_MO_G-RA,True,v2.1,e5a6bad6c54a5460c25674dd0a9aa61a5c3bd3c6c48c054568829262744ccdd1,2026-05-28T22:26:24Z
Asc_G-LON_x_MO_G-AZ,Asc G-LON,MO,G-LON_x_G-AZ,marginal,same-slate,3,3.0,13.0,3.0,13.228924953832916,297352,80481,Asc_G-LON_x_MO_G-AZ,True,v2.1,e5a6bad6c54a5460c25674dd0a9aa61a5c3bd3c6c48c054568829262744ccdd1,2026-05-28T22:26:24Z
Asc_G-RA_x_MO_G-AZ,Asc G-RA,MO,G-RA_x_G-AZ,marginal,same-slate,3,3.0,13.0,3.0,13.16459916562593,297352,80481,Asc_G-RA_x_MO_G-AZ,True,v2.1,e5a6bad6c54a5460c25674dd0a9aa61a5c3bd3c6c48c054568829262744ccdd1,2026-05-28T22:26:24Z
EA_x_PFdn_G-LON,EA,PFdn,G-LON,marginal,same-slate,3,3.0,9.0,3.0,12.800040480971902,297352,80481,EA_x_PFdn_G-LON,True,v2.1,e5a6bad6c54a5460c25674dd0a9aa61a5c3bd3c6c48c054568829262744ccdd1,2026-05-28T22:26:24Z
EA_x_PFdn_G-RA,EA,PFdn,G-RA,marginal,same-slate,3,3.0,9.0,3.0,12.980995009502363,297352,80481,EA_x_PFdn_G-RA,True,v2.1,e5a6bad6c54a5460c25674dd0a9aa61a5c3bd3c6c48c054568829262744ccdd1,2026-05-28T22:26:24Z
EA_x_PFff_G-LON,EA,PFff,G-LON,marginal,same-slate,2,2.0,7.0,2.0,12.465614601631074,297352,80481,EA_x_PFff_G-LON,True,v2.1,e5a6bad6c54a5460c25674dd0a9aa61a5c3bd3c6c48c054568829262744ccdd1,2026-05-28T22:26:24Z
EA_x_PFff_G-RA,EA,PFff,G-RA,marginal,same-slate,2,2.0,8.0,3.0,12.59140647198604,297352,80481,EA_x_PFff_G-RA,True,v2.1,e5a6bad6c54a5460c25674dd0a9aa61a5c3bd3c6c48c054568829262744ccdd1,2026-05-28T22:26:24Z
EA_x_SU_G-AZ,EA,SU,G-AZ,marginal,same-slate,4,4.0,23.0,4.0,,297352,80481,EA_x_SU_G-AZ,True,v2.1,e5a6bad6c54a5460c25674dd0a9aa61a5c3bd3c6c48c054568829262744ccdd1,2026-05-28T22:26:24Z
EA_G-AZ_x_MO_G-LON,EA G-AZ,MO,G-AZ_x_G-LON,marginal,same-slate,2,2.0,4.0,1.0,13.428893435292366,297352,80481,EA_G-AZ_x_MO_G-LON,True,v2.1,e5a6bad6c54a5460c25674dd0a9aa61a5c3bd3c6c48c054568829262744ccdd1,2026-05-28T22:26:24Z
EA_G-AZ_x_MO_G-RA,EA G-AZ,MO,G-AZ_x_G-RA,marginal,same-slate,2,2.0,4.0,1.0,13.333333333333334,297352,80481,EA_G-AZ_x_MO_G-RA,True,v2.1,e5a6bad6c54a5460c25674dd0a9aa61a5c3bd3c6c48c054568829262744ccdd1,2026-05-28T22:26:24Z
EA_G-LON_x_MO_G-AZ,EA G-LON,MO,G-LON_x_G-AZ,marginal,same-slate,3,3.0,12.0,3.0,13.499698712770927,297352,80481,EA_G-LON_x_MO_G-AZ,True,v2.1,e5a6bad6c54a5460c25674dd0a9aa61a5c3bd3c6c48c054568829262744ccdd1,2026-05-28T22:26:24Z
EA_G-RA_x_MO_G-AZ,EA G-RA,MO,G-RA_x_G-AZ,marginal,same-slate,3,3.0,12.0,3.0,13.44293865199728,297352,80481,EA_G-RA_x_MO_G-AZ,True,v2.1,e5a6bad6c54a5460c25674dd0a9aa61a5c3bd3c6c48c054568829262744ccdd1,2026-05-28T22:26:24Z
MC_x_PFdn_G-LON,MC,PFdn,G-LON,marginal,same-slate,3,3.0,9.0,3.0,12.974264225889383,297352,80481,MC_x_PFdn_G-LON,True,v2.1,e5a6bad6c54a5460c25674dd0a9aa61a5c3bd3c6c48c054568829262744ccdd1,2026-05-28T22:26:24Z
MC_x_PFdn_G-RA,MC,PFdn,G-RA,marginal,same-slate,3,3.0,9.0,3.0,12.980995009502353,297352,80481,MC_x_PFdn_G-RA,True,v2.1,e5a6bad6c54a5460c25674dd0a9aa61a5c3bd3c6c48c054568829262744ccdd1,2026-05-28T22:26:24Z
MC_x_PFff_G-LON,MC,PFff,G-LON,marginal,same-slate,2,2.0,8.0,3.0,12.60709071398309,297352,80481,MC_x_PFff_G-LON,True,v2.1,e5a6bad6c54a5460c25674dd0a9aa61a5c3bd3c6c48c054568829262744ccdd1,2026-05-28T22:26:24Z
MC_x_PFff_G-RA,MC,PFff,G-RA,marginal,same-slate,2,2.0,8.0,3.0,12.591406471986042,297352,80481,MC_x_PFff_G-RA,True,v2.1,e5a6bad6c54a5460c25674dd0a9aa61a5c3bd3c6c48c054568829262744ccdd1,2026-05-28T22:26:24Z
MC_G-LON_x_MO_G-AZ,MC G-LON,MO,G-LON_x_G-AZ,marginal,same-slate,3,3.0,12.0,3.0,13.488149952376377,297352,80481,MC_G-LON_x_MO_G-AZ,True,v2.1,e5a6bad6c54a5460c25674dd0a9aa61a5c3bd3c6c48c054568829262744ccdd1,2026-05-28T22:26:24Z
MC_G-RA_x_MO_G-AZ,MC G-RA,MO,G-RA_x_G-AZ,marginal,same-slate,3,3.0,12.0,3.0,13.442938651997338,297352,80481,MC_G-RA_x_MO_G-AZ,True,v2.1,e5a6bad6c54a5460c25674dd0a9aa61a5c3bd3c6c48c054568829262744ccdd1,2026-05-28T22:26:24Z
ME_x_CE_G-AZ,ME,CE,G-AZ,marginal,same-slate,3,3.0,20.0,3.0,,297352,80481,ME_x_CE_G-AZ,True,v2.1,e5a6bad6c54a5460c25674dd0a9aa61a5c3bd3c6c48c054568829262744ccdd1,2026-05-28T22:26:24Z
ME_x_JN_G-AZ,ME,JN,G-AZ,marginal,same-slate,3,3.0,15.0,3.0,,297352,80481,ME_x_JN_G-AZ,True,v2.1,e5a6bad6c54a5460c25674dd0a9aa61a5c3bd3c6c48c054568829262744ccdd1,2026-05-28T22:26:24Z
ME_x_JU_G-AZ,ME,JU,G-AZ,marginal,same-slate,3,3.0,16.0,3.0,,297352,80481,ME_x_JU_G-AZ,True,v2.1,e5a6bad6c54a5460c25674dd0a9aa61a5c3bd3c6c48c054568829262744ccdd1,2026-05-28T22:26:24Z
ME_x_MA_G-AZ,ME,MA,G-AZ,marginal,same-slate,3,3.0,17.0,3.0,,297352,80481,ME_x_MA_G-AZ,True,v2.1,e5a6bad6c54a5460c25674dd0a9aa61a5c3bd3c6c48c054568829262744ccdd1,2026-05-28T22:26:24Z
ME_x_NE_G-AZ,ME,NE,G-AZ,marginal,same-slate,3,3.0,17.0,3.0,,297352,80481,ME_x_NE_G-AZ,True,v2.1,e5a6bad6c54a5460c25674dd0a9aa61a5c3bd3c6c48c054568829262744ccdd1,2026-05-28T22:26:24Z
ME_x_NN_G-AZ,ME,NN,G-AZ,marginal,same-slate,3,3.0,16.0,3.0,,297352,80481,ME_x_NN_G-AZ,True,v2.1,e5a6bad6c54a5460c25674dd0a9aa61a5c3bd3c6c48c054568829262744ccdd1,2026-05-28T22:26:24Z
ME_x_PA_G-AZ,ME,PA,G-AZ,marginal,same-slate,4,4.0,18.0,4.0,,297352,80481,ME_x_PA_G-AZ,True,v2.1,e5a6bad6c54a5460c25674dd0a9aa61a5c3bd3c6c48c054568829262744ccdd1,2026-05-28T22:26:24Z
ME_x_PL_G-AZ,ME,PL,G-AZ,marginal,same-slate,3,3.0,18.0,3.0,,297352,80481,ME_x_PL_G-AZ,True,v2.1,e5a6bad6c54a5460c25674dd0a9aa61a5c3bd3c6c48c054568829262744ccdd1,2026-05-28T22:26:24Z
ME_x_SA_G-AZ,ME,SA,G-AZ,marginal,same-slate,3,3.0,17.0,3.0,,297352,80481,ME_x_SA_G-AZ,True,v2.1,e5a6bad6c54a5460c25674dd0a9aa61a5c3bd3c6c48c054568829262744ccdd1,2026-05-28T22:26:24Z
ME_x_SU_G-AZ,ME,SU,G-AZ,marginal,same-slate,1,1.0,8.0,1.0,,297352,80481,ME_x_SU_G-AZ,True,v2.1,e5a6bad6c54a5460c25674dd0a9aa61a5c3bd3c6c48c054568829262744ccdd1,2026-05-28T22:26:24Z
ME_x_UR_G-AZ,ME,UR,G-AZ,marginal,same-slate,3,3.0,15.0,3.0,,297352,80481,ME_x_UR_G-AZ,True,v2.1,e5a6bad6c54a5460c25674dd0a9aa61a5c3bd3c6c48c054568829262744ccdd1,2026-05-28T22:26:24Z
ME_x_VE_G-AZ,ME,VE,G-AZ,marginal,same-slate,2,2.0,13.0,2.0,,297352,80481,ME_x_VE_G-AZ,True,v2.1,e5a6bad6c54a5460c25674dd0a9aa61a5c3bd3c6c48c054568829262744ccdd1,2026-05-28T22:26:24Z
ME_x_VS_G-AZ,ME,VS,G-AZ,marginal,same-slate,3,3.0,17.0,3.0,,297352,80481,ME_x_VS_G-AZ,True,v2.1,e5a6bad6c54a5460c25674dd0a9aa61a5c3bd3c6c48c054568829262744ccdd1,2026-05-28T22:26:24Z
MO_x_CE_G-AZ,MO,CE,G-AZ,marginal,same-slate,3,3.0,20.0,3.0,,297352,80481,MO_x_CE_G-AZ,True,v2.1,e5a6bad6c54a5460c25674dd0a9aa61a5c3bd3c6c48c054568829262744ccdd1,2026-05-28T22:26:24Z
MO_x_JN_G-AZ,MO,JN,G-AZ,marginal,same-slate,3,3.0,15.0,3.0,,297352,80481,MO_x_JN_G-AZ,True,v2.1,e5a6bad6c54a5460c25674dd0a9aa61a5c3bd3c6c48c054568829262744ccdd1,2026-05-28T22:26:24Z
MO_x_JU_G-AZ,MO,JU,G-AZ,marginal,same-slate,3,3.0,16.0,3.0,,297352,80481,MO_x_JU_G-AZ,True,v2.1,e5a6bad6c54a5460c25674dd0a9aa61a5c3bd3c6c48c054568829262744ccdd1,2026-05-28T22:26:24Z
MO_x_MA_G-AZ,MO,MA,G-AZ,marginal,same-slate,3,3.0,17.0,3.0,,297352,80481,MO_x_MA_G-AZ,True,v2.1,e5a6bad6c54a5460c25674dd0a9aa61a5c3bd3c6c48c054568829262744ccdd1,2026-05-28T22:26:24Z
MO_x_ME_G-AZ,MO,ME,G-AZ,marginal,same-slate,3,3.0,17.0,3.0,,297352,80481,MO_x_ME_G-AZ,True,v2.1,e5a6bad6c54a5460c25674dd0a9aa61a5c3bd3c6c48c054568829262744ccdd1,2026-05-28T22:26:24Z
MO_x_NE_G-AZ,MO,NE,G-AZ,marginal,same-slate,3,3.0,16.0,3.0,,297352,80481,MO_x_NE_G-AZ,True,v2.1,e5a6bad6c54a5460c25674dd0a9aa61a5c3bd3c6c48c054568829262744ccdd1,2026-05-28T22:26:24Z
MO_x_NN_G-AZ,MO,NN,G-AZ,marginal,same-slate,3,3.0,17.0,3.0,,297352,80481,MO_x_NN_G-AZ,True,v2.1,e5a6bad6c54a5460c25674dd0a9aa61a5c3bd3c6c48c054568829262744ccdd1,2026-05-28T22:26:24Z
MO_x_PA_G-AZ,MO,PA,G-AZ,marginal,same-slate,4,4.0,17.0,4.0,,297352,80481,MO_x_PA_G-AZ,True,v2.1,e5a6bad6c54a5460c25674dd0a9aa61a5c3bd3c6c48c054568829262744ccdd1,2026-05-28T22:26:24Z
MO_x_PL_G-AZ,MO,PL,G-AZ,marginal,same-slate,3,3.0,18.0,3.0,,297352,80481,MO_x_PL_G-AZ,True,v2.1,e5a6bad6c54a5460c25674dd0a9aa61a5c3bd3c6c48c054568829262744ccdd1,2026-05-28T22:26:24Z
MO_x_SA_G-AZ,MO,SA,G-AZ,marginal,same-slate,3,3.0,17.0,3.0,,297352,80481,MO_x_SA_G-AZ,True,v2.1,e5a6bad6c54a5460c25674dd0a9aa61a5c3bd3c6c48c054568829262744ccdd1,2026-05-28T22:26:24Z
MO_x_SU_G-AZ,MO,SU,G-AZ,marginal,same-slate,3,3.0,18.0,3.0,,297352,80481,MO_x_SU_G-AZ,True,v2.1,e5a6bad6c54a5460c25674dd0a9aa61a5c3bd3c6c48c054568829262744ccdd1,2026-05-28T22:26:24Z
MO_x_UR_G-AZ,MO,UR,G-AZ,marginal,same-slate,3,3.0,15.0,3.0,,297352,80481,MO_x_UR_G-AZ,True,v2.1,e5a6bad6c54a5460c25674dd0a9aa61a5c3bd3c6c48c054568829262744ccdd1,2026-05-28T22:26:24Z
MO_x_VE_G-AZ,MO,VE,G-AZ,marginal,same-slate,3,3.0,16.0,3.0,,297352,80481,MO_x_VE_G-AZ,True,v2.1,e5a6bad6c54a5460c25674dd0a9aa61a5c3bd3c6c48c054568829262744ccdd1,2026-05-28T22:26:24Z
MO_x_VS_G-AZ,MO,VS,G-AZ,marginal,same-slate,3,3.0,17.0,3.0,,297352,80481,MO_x_VS_G-AZ,True,v2.1,e5a6bad6c54a5460c25674dd0a9aa61a5c3bd3c6c48c054568829262744ccdd1,2026-05-28T22:26:24Z
VX_x_PFdn_G-LON,VX,PFdn,G-LON,marginal,same-slate,4,4.0,24.0,3.0,15.13308856213888,297352,80481,VX_x_PFdn_G-LON,True,v2.1,e5a6bad6c54a5460c25674dd0a9aa61a5c3bd3c6c48c054568829262744ccdd1,2026-05-28T22:26:24Z
VX_x_PFdn_G-RA,VX,PFdn,G-RA,marginal,same-slate,4,4.0,25.0,4.0,15.473269672239482,297352,80481,VX_x_PFdn_G-RA,True,v2.1,e5a6bad6c54a5460c25674dd0a9aa61a5c3bd3c6c48c054568829262744ccdd1,2026-05-28T22:26:24Z
VX_x_PFff_G-LON,VX,PFff,G-LON,marginal,same-slate,4,4.0,16.0,3.0,14.765662404500064,297352,80481,VX_x_PFff_G-LON,True,v2.1,e5a6bad6c54a5460c25674dd0a9aa61a5c3bd3c6c48c054568829262744ccdd1,2026-05-28T22:26:24Z
VX_x_PFff_G-RA,VX,PFff,G-RA,marginal,same-slate,4,4.0,17.0,3.0,15.06386703183739,297352,80481,VX_x_PFff_G-RA,True,v2.1,e5a6bad6c54a5460c25674dd0a9aa61a5c3bd3c6c48c054568829262744ccdd1,2026-05-28T22:26:24Z
VX_G-LON_x_MO_G-AZ,VX G-LON,MO,G-LON_x_G-AZ,marginal,same-slate,3,3.0,19.0,3.0,14.08544061315169,297352,80481,VX_G-LON_x_MO_G-AZ,True,v2.1,e5a6bad6c54a5460c25674dd0a9aa61a5c3bd3c6c48c054568829262744ccdd1,2026-05-28T22:26:24Z
VX_G-RA_x_MO_G-AZ,VX G-RA,MO,G-RA_x_G-AZ,marginal,same-slate,3,3.0,20.0,3.0,14.16591494810084,297352,80481,VX_G-RA_x_MO_G-AZ,True,v2.1,e5a6bad6c54a5460c25674dd0a9aa61a5c3bd3c6c48c054568829262744ccdd1,2026-05-28T22:26:24Z
Asc_x_CE_G-AZ,Asc,CE,G-AZ,same-slate-discriminator,same-slate,6,6.0,22.0,6.0,,297352,80481,Asc_x_CE_G-AZ,True,v2.1,e5a6bad6c54a5460c25674dd0a9aa61a5c3bd3c6c48c054568829262744ccdd1,2026-05-28T22:26:24Z
Asc_x_CE_G-LON,Asc,CE,G-LON,same-slate-discriminator,same-slate,5,5.0,16.0,5.0,22.11632590720677,297352,80481,Asc_x_CE_G-LON,True,v2.1,e5a6bad6c54a5460c25674dd0a9aa61a5c3bd3c6c48c054568829262744ccdd1,2026-05-28T22:26:24Z
Asc_x_CE_G-RA,Asc,CE,G-RA,same-slate-discriminator,same-slate,5,5.0,16.0,5.0,21.710131204920486,297352,80481,Asc_x_CE_G-RA,True,v2.1,e5a6bad6c54a5460c25674dd0a9aa61a5c3bd3c6c48c054568829262744ccdd1,2026-05-28T22:26:24Z
Asc_x_JN_G-AZ,Asc,JN,G-AZ,same-slate-discriminator,same-slate,6,6.0,18.0,5.0,,297352,80481,Asc_x_JN_G-AZ,True,v2.1,e5a6bad6c54a5460c25674dd0a9aa61a5c3bd3c6c48c054568829262744ccdd1,2026-05-28T22:26:24Z
Asc_x_JN_G-LON,Asc,JN,G-LON,same-slate-discriminator,same-slate,5,5.0,16.0,5.0,22.06409208178608,297352,80481,Asc_x_JN_G-LON,True,v2.1,e5a6bad6c54a5460c25674dd0a9aa61a5c3bd3c6c48c054568829262744ccdd1,2026-05-28T22:26:24Z
Asc_x_JN_G-RA,Asc,JN,G-RA,same-slate-discriminator,same-slate,5,5.0,16.0,5.0,21.73553564608062,297352,80481,Asc_x_JN_G-RA,True,v2.1,e5a6bad6c54a5460c25674dd0a9aa61a5c3bd3c6c48c054568829262744ccdd1,2026-05-28T22:26:24Z
Asc_x_JU_G-AZ,Asc,JU,G-AZ,same-slate-discriminator,same-slate,6,6.0,19.0,5.0,,297352,80481,Asc_x_JU_G-AZ,True,v2.1,e5a6bad6c54a5460c25674dd0a9aa61a5c3bd3c6c48c054568829262744ccdd1,2026-05-28T22:26:24Z
Asc_x_JU_G-LON,Asc,JU,G-LON,same-slate-discriminator,same-slate,5,5.0,16.0,5.0,22.05504430142193,297352,80481,Asc_x_JU_G-LON,True,v2.1,e5a6bad6c54a5460c25674dd0a9aa61a5c3bd3c6c48c054568829262744ccdd1,2026-05-28T22:26:24Z
Asc_x_JU_G-RA,Asc,JU,G-RA,same-slate-discriminator,same-slate,5,5.0,16.0,5.0,21.67836727570653,297352,80481,Asc_x_JU_G-RA,True,v2.1,e5a6bad6c54a5460c25674dd0a9aa61a5c3bd3c6c48c054568829262744ccdd1,2026-05-28T22:26:24Z
Asc_x_MA_G-AZ,Asc,MA,G-AZ,same-slate-discriminator,same-slate,6,6.0,21.0,6.0,,297352,80481,Asc_x_MA_G-AZ,True,v2.1,e5a6bad6c54a5460c25674dd0a9aa61a5c3bd3c6c48c054568829262744ccdd1,2026-05-28T22:26:24Z
Asc_x_MA_G-LON,Asc,MA,G-LON,same-slate-discriminator,same-slate,5,5.0,16.0,5.0,22.198866936840854,297352,80481,Asc_x_MA_G-LON,True,v2.1,e5a6bad6c54a5460c25674dd0a9aa61a5c3bd3c6c48c054568829262744ccdd1,2026-05-28T22:26:24Z
Asc_x_MA_G-RA,Asc,MA,G-RA,same-slate-discriminator,same-slate,5,5.0,16.0,5.0,21.81740985900501,297352,80481,Asc_x_MA_G-RA,True,v2.1,e5a6bad6c54a5460c25674dd0a9aa61a5c3bd3c6c48c054568829262744ccdd1,2026-05-28T22:26:24Z
Asc_x_ME_G-AZ,Asc,ME,G-AZ,same-slate-discriminator,same-slate,5,5.0,20.0,5.0,,297352,80481,Asc_x_ME_G-AZ,True,v2.1,e5a6bad6c54a5460c25674dd0a9aa61a5c3bd3c6c48c054568829262744ccdd1,2026-05-28T22:26:24Z
Asc_x_ME_G-LON,Asc,ME,G-LON,same-slate-discriminator,same-slate,5,5.0,16.0,5.0,22.12440785424289,297352,80481,Asc_x_ME_G-LON,True,v2.1,e5a6bad6c54a5460c25674dd0a9aa61a5c3bd3c6c48c054568829262744ccdd1,2026-05-28T22:26:24Z
Asc_x_ME_G-RA,Asc,ME,G-RA,same-slate-discriminator,same-slate,5,5.0,16.0,5.0,21.82140957584167,297352,80481,Asc_x_ME_G-RA,True,v2.1,e5a6bad6c54a5460c25674dd0a9aa61a5c3bd3c6c48c054568829262744ccdd1,2026-05-28T22:26:24Z
Asc_x_MO_G-AZ,Asc,MO,G-AZ,same-slate-discriminator,same-slate,6,6.0,20.0,5.0,,297352,80481,Asc_x_MO_G-AZ,True,v2.1,e5a6bad6c54a5460c25674dd0a9aa61a5c3bd3c6c48c054568829262744ccdd1,2026-05-28T22:26:24Z
Asc_x_MO_G-LON,Asc,MO,G-LON,same-slate-discriminator,same-slate,5,5.0,16.0,5.0,25.78612153008561,297352,80481,Asc_x_MO_G-LON,True,v2.1,e5a6bad6c54a5460c25674dd0a9aa61a5c3bd3c6c48c054568829262744ccdd1,2026-05-28T22:26:24Z
Asc_x_MO_G-RA,Asc,MO,G-RA,same-slate-discriminator,same-slate,5,5.0,16.0,5.0,25.47336685353997,297352,80481,Asc_x_MO_G-RA,True,v2.1,e5a6bad6c54a5460c25674dd0a9aa61a5c3bd3c6c48c054568829262744ccdd1,2026-05-28T22:26:24Z
Asc_x_NE_G-AZ,Asc,NE,G-AZ,same-slate-discriminator,same-slate,7,7.0,20.0,6.0,,297352,80481,Asc_x_NE_G-AZ,True,v2.1,e5a6bad6c54a5460c25674dd0a9aa61a5c3bd3c6c48c054568829262744ccdd1,2026-05-28T22:26:24Z
Asc_x_NE_G-LON,Asc,NE,G-LON,same-slate-discriminator,same-slate,5,5.0,16.0,5.0,22.03859881190004,297352,80481,Asc_x_NE_G-LON,True,v2.1,e5a6bad6c54a5460c25674dd0a9aa61a5c3bd3c6c48c054568829262744ccdd1,2026-05-28T22:26:24Z
Asc_x_NE_G-RA,Asc,NE,G-RA,same-slate-discriminator,same-slate,5,5.0,16.0,5.0,21.6689980882814,297352,80481,Asc_x_NE_G-RA,True,v2.1,e5a6bad6c54a5460c25674dd0a9aa61a5c3bd3c6c48c054568829262744ccdd1,2026-05-28T22:26:24Z
Asc_x_NN_G-AZ,Asc,NN,G-AZ,same-slate-discriminator,same-slate,6,6.0,19.0,5.0,,297352,80481,Asc_x_NN_G-AZ,True,v2.1,e5a6bad6c54a5460c25674dd0a9aa61a5c3bd3c6c48c054568829262744ccdd1,2026-05-28T22:26:24Z
Asc_x_NN_G-LON,Asc,NN,G-LON,same-slate-discriminator,same-slate,5,5.0,16.0,5.0,22.02720716306979,297352,80481,Asc_x_NN_G-LON,True,v2.1,e5a6bad6c54a5460c25674dd0a9aa61a5c3bd3c6c48c054568829262744ccdd1,2026-05-28T22:26:24Z
Asc_x_NN_G-RA,Asc,NN,G-RA,same-slate-discriminator,same-slate,5,5.0,16.0,5.0,21.68001373043621,297352,80481,Asc_x_NN_G-RA,True,v2.1,e5a6bad6c54a5460c25674dd0a9aa61a5c3bd3c6c48c054568829262744ccdd1,2026-05-28T22:26:24Z
Asc_x_PA_G-AZ,Asc,PA,G-AZ,same-slate-discriminator,same-slate,5,5.0,19.0,5.0,,297352,80481,Asc_x_PA_G-AZ,True,v2.1,e5a6bad6c54a5460c25674dd0a9aa61a5c3bd3c6c48c054568829262744ccdd1,2026-05-28T22:26:24Z
Asc_x_PA_G-LON,Asc,PA,G-LON,same-slate-discriminator,same-slate,5,5.0,16.0,5.0,22.0,297352,80481,Asc_x_PA_G-LON,True,v2.1,e5a6bad6c54a5460c25674dd0a9aa61a5c3bd3c6c48c054568829262744ccdd1,2026-05-28T22:26:24Z
Asc_x_PA_G-RA,Asc,PA,G-RA,same-slate-discriminator,same-slate,5,5.0,16.0,5.0,21.615997950402527,297352,80481,Asc_x_PA_G-RA,True,v2.1,e5a6bad6c54a5460c25674dd0a9aa61a5c3bd3c6c48c054568829262744ccdd1,2026-05-28T22:26:24Z
Asc_x_PL_G-AZ,Asc,PL,G-AZ,same-slate-discriminator,same-slate,6,6.0,21.0,6.0,,297352,80481,Asc_x_PL_G-AZ,True,v2.1,e5a6bad6c54a5460c25674dd0a9aa61a5c3bd3c6c48c054568829262744ccdd1,2026-05-28T22:26:24Z
Asc_x_PL_G-LON,Asc,PL,G-LON,same-slate-discriminator,same-slate,5,5.0,16.0,5.0,22.007851481245357,297352,80481,Asc_x_PL_G-LON,True,v2.1,e5a6bad6c54a5460c25674dd0a9aa61a5c3bd3c6c48c054568829262744ccdd1,2026-05-28T22:26:24Z
Asc_x_PL_G-RA,Asc,PL,G-RA,same-slate-discriminator,same-slate,5,5.0,16.0,5.0,21.695536468578748,297352,80481,Asc_x_PL_G-RA,True,v2.1,e5a6bad6c54a5460c25674dd0a9aa61a5c3bd3c6c48c054568829262744ccdd1,2026-05-28T22:26:24Z
Asc_x_SA_G-AZ,Asc,SA,G-AZ,same-slate-discriminator,same-slate,6,6.0,20.0,6.0,,297352,80481,Asc_x_SA_G-AZ,True,v2.1,e5a6bad6c54a5460c25674dd0a9aa61a5c3bd3c6c48c054568829262744ccdd1,2026-05-28T22:26:24Z
Asc_x_SA_G-LON,Asc,SA,G-LON,same-slate-discriminator,same-slate,5,5.0,16.0,5.0,22.0,297352,80481,Asc_x_SA_G-LON,True,v2.1,e5a6bad6c54a5460c25674dd0a9aa61a5c3bd3c6c48c054568829262744ccdd1,2026-05-28T22:26:24Z
Asc_x_SA_G-RA,Asc,SA,G-RA,same-slate-discriminator,same-slate,5,5.0,16.0,5.0,21.66048062124311,297352,80481,Asc_x_SA_G-RA,True,v2.1,e5a6bad6c54a5460c25674dd0a9aa61a5c3bd3c6c48c054568829262744ccdd1,2026-05-28T22:26:24Z
Asc_x_SU_G-AZ,Asc,SU,G-AZ,same-slate-discriminator,same-slate,5,5.0,23.0,4.0,,297352,80481,Asc_x_SU_G-AZ,True,v2.1,e5a6bad6c54a5460c25674dd0a9aa61a5c3bd3c6c48c054568829262744ccdd1,2026-05-28T22:26:24Z
Asc_x_SU_G-LON,Asc,SU,G-LON,same-slate-discriminator,same-slate,5,5.0,16.0,5.0,22.322098695790917,297352,80481,Asc_x_SU_G-LON,True,v2.1,e5a6bad6c54a5460c25674dd0a9aa61a5c3bd3c6c48c054568829262744ccdd1,2026-05-28T22:26:24Z
Asc_x_SU_G-RA,Asc,SU,G-RA,same-slate-discriminator,same-slate,5,5.0,16.0,5.0,21.827321710545675,297352,80481,Asc_x_SU_G-RA,True,v2.1,e5a6bad6c54a5460c25674dd0a9aa61a5c3bd3c6c48c054568829262744ccdd1,2026-05-28T22:26:24Z
Asc_x_UR_G-AZ,Asc,UR,G-AZ,same-slate-discriminator,same-slate,5,5.0,18.0,5.0,,297352,80481,Asc_x_UR_G-AZ,True,v2.1,e5a6bad6c54a5460c25674dd0a9aa61a5c3bd3c6c48c054568829262744ccdd1,2026-05-28T22:26:24Z
Asc_x_UR_G-LON,Asc,UR,G-LON,same-slate-discriminator,same-slate,5,5.0,16.0,5.0,22.02720716306979,297352,80481,Asc_x_UR_G-LON,True,v2.1,e5a6bad6c54a5460c25674dd0a9aa61a5c3bd3c6c48c054568829262744ccdd1,2026-05-28T22:26:24Z
Asc_x_UR_G-RA,Asc,UR,G-RA,same-slate-discriminator,same-slate,5,5.0,16.0,5.0,21.72554430228223,297352,80481,Asc_x_UR_G-RA,True,v2.1,e5a6bad6c54a5460c25674dd0a9aa61a5c3bd3c6c48c054568829262744ccdd1,2026-05-28T22:26:24Z
Asc_x_VE_G-AZ,Asc,VE,G-AZ,same-slate-discriminator,same-slate,6,6.0,19.0,5.0,,297352,80481,Asc_x_VE_G-AZ,True,v2.1,e5a6bad6c54a5460c25674dd0a9aa61a5c3bd3c6c48c054568829262744ccdd1,2026-05-28T22:26:24Z
Asc_x_VE_G-LON,Asc,VE,G-LON,same-slate-discriminator,same-slate,5,5.0,16.0,5.0,22.198489811813715,297352,80481,Asc_x_VE_G-LON,True,v2.1,e5a6bad6c54a5460c25674dd0a9aa61a5c3bd3c6c48c054568829262744ccdd1,2026-05-28T22:26:24Z
Asc_x_VE_G-RA,Asc,VE,G-RA,same-slate-discriminator,same-slate,5,5.0,16.0,5.0,21.87694205015157,297352,80481,Asc_x_VE_G-RA,True,v2.1,e5a6bad6c54a5460c25674dd0a9aa61a5c3bd3c6c48c054568829262744ccdd1,2026-05-28T22:26:24Z
Asc_x_VS_G-AZ,Asc,VS,G-AZ,same-slate-discriminator,same-slate,6,6.0,21.0,5.0,,297352,80481,Asc_x_VS_G-AZ,True,v2.1,e5a6bad6c54a5460c25674dd0a9aa61a5c3bd3c6c48c054568829262744ccdd1,2026-05-28T22:26:24Z
Asc_x_VS_G-LON,Asc,VS,G-LON,same-slate-discriminator,same-slate,5,5.0,16.0,5.0,22.03412901708037,297352,80481,Asc_x_VS_G-LON,True,v2.1,e5a6bad6c54a5460c25674dd0a9aa61a5c3bd3c6c48c054568829262744ccdd1,2026-05-28T22:26:24Z
Asc_x_VS_G-RA,Asc,VS,G-RA,same-slate-discriminator,same-slate,5,5.0,16.0,5.0,21.709426546837022,297352,80481,Asc_x_VS_G-RA,True,v2.1,e5a6bad6c54a5460c25674dd0a9aa61a5c3bd3c6c48c054568829262744ccdd1,2026-05-28T22:26:24Z
Asc_G-LON_x_MO_G-RA,Asc G-LON,MO,G-LON_x_G-RA,same-slate-discriminator,same-slate,5,5.0,16.0,5.0,25.586533549615822,297352,80481,Asc_G-LON_x_MO_G-RA,True,v2.1,e5a6bad6c54a5460c25674dd0a9aa61a5c3bd3c6c48c054568829262744ccdd1,2026-05-28T22:26:24Z
Asc_G-RA_x_MO_G-LON,Asc G-RA,MO,G-RA_x_G-LON,same-slate-discriminator,same-slate,5,5.0,16.0,5.0,25.70023300847359,297352,80481,Asc_G-RA_x_MO_G-LON,True,v2.1,e5a6bad6c54a5460c25674dd0a9aa61a5c3bd3c6c48c054568829262744ccdd1,2026-05-28T22:26:24Z
EA_x_CE_G-AZ,EA,CE,G-AZ,same-slate-discriminator,same-slate,6,6.0,21.0,6.0,,297352,80481,EA_x_CE_G-AZ,True,v2.1,e5a6bad6c54a5460c25674dd0a9aa61a5c3bd3c6c48c054568829262744ccdd1,2026-05-28T22:26:24Z
EA_x_CE_G-LON,EA,CE,G-LON,same-slate-discriminator,same-slate,5,5.0,15.0,5.0,23.713348880179936,297352,80481,EA_x_CE_G-LON,True,v2.1,e5a6bad6c54a5460c25674dd0a9aa61a5c3bd3c6c48c054568829262744ccdd1,2026-05-28T22:26:24Z
EA_x_CE_G-RA,EA,CE,G-RA,same-slate-discriminator,same-slate,5,5.0,14.0,5.0,23.5,297352,80481,EA_x_CE_G-RA,True,v2.1,e5a6bad6c54a5460c25674dd0a9aa61a5c3bd3c6c48c054568829262744ccdd1,2026-05-28T22:26:24Z
EA_x_JN_G-AZ,EA,JN,G-AZ,same-slate-discriminator,same-slate,6,6.0,18.0,5.0,,297352,80481,EA_x_JN_G-AZ,True,v2.1,e5a6bad6c54a5460c25674dd0a9aa61a5c3bd3c6c48c054568829262744ccdd1,2026-05-28T22:26:24Z
EA_x_JN_G-LON,EA,JN,G-LON,same-slate-discriminator,same-slate,5,5.0,15.0,5.0,23.754327186019864,297352,80481,EA_x_JN_G-LON,True,v2.1,e5a6bad6c54a5460c25674dd0a9aa61a5c3bd3c6c48c054568829262744ccdd1,2026-05-28T22:26:24Z
EA_x_JN_G-RA,EA,JN,G-RA,same-slate-discriminator,same-slate,5,5.0,14.0,5.0,23.50814711126012,297352,80481,EA_x_JN_G-RA,True,v2.1,e5a6bad6c54a5460c25674dd0a9aa61a5c3bd3c6c48c054568829262744ccdd1,2026-05-28T22:26:24Z
EA_x_JU_G-AZ,EA,JU,G-AZ,same-slate-discriminator,same-slate,6,6.0,19.0,5.0,,297352,80481,EA_x_JU_G-AZ,True,v2.1,e5a6bad6c54a5460c25674dd0a9aa61a5c3bd3c6c48c054568829262744ccdd1,2026-05-28T22:26:24Z
EA_x_JU_G-LON,EA,JU,G-LON,same-slate-discriminator,same-slate,5,5.0,15.0,5.0,23.65344765393251,297352,80481,EA_x_JU_G-LON,True,v2.1,e5a6bad6c54a5460c25674dd0a9aa61a5c3bd3c6c48c054568829262744ccdd1,2026-05-28T22:26:24Z
EA_x_JU_G-RA,EA,JU,G-RA,same-slate-discriminator,same-slate,5,5.0,14.0,5.0,23.465653248316784,297352,80481,EA_x_JU_G-RA,True,v2.1,e5a6bad6c54a5460c25674dd0a9aa61a5c3bd3c6c48c054568829262744ccdd1,2026-05-28T22:26:24Z
EA_x_MA_G-AZ,EA,MA,G-AZ,same-slate-discriminator,same-slate,6,6.0,20.0,6.0,,297352,80481,EA_x_MA_G-AZ,True,v2.1,e5a6bad6c54a5460c25674dd0a9aa61a5c3bd3c6c48c054568829262744ccdd1,2026-05-28T22:26:24Z
EA_x_MA_G-LON,EA,MA,G-LON,same-slate-discriminator,same-slate,5,5.0,15.0,5.0,23.71321970638473,297352,80481,EA_x_MA_G-LON,True,v2.1,e5a6bad6c54a5460c25674dd0a9aa61a5c3bd3c6c48c054568829262744ccdd1,2026-05-28T22:26:24Z
EA_x_MA_G-RA,EA,MA,G-RA,same-slate-discriminator,same-slate,5,5.0,15.0,5.0,23.53658967851041,297352,80481,EA_x_MA_G-RA,True,v2.1,e5a6bad6c54a5460c25674dd0a9aa61a5c3bd3c6c48c054568829262744ccdd1,2026-05-28T22:26:24Z
EA_x_ME_G-AZ,EA,ME,G-AZ,same-slate-discriminator,same-slate,5,5.0,20.0,4.0,,297352,80481,EA_x_ME_G-AZ,True,v2.1,e5a6bad6c54a5460c25674dd0a9aa61a5c3bd3c6c48c054568829262744ccdd1,2026-05-28T22:26:24Z
EA_x_ME_G-LON,EA,ME,G-LON,same-slate-discriminator,same-slate,5,5.0,15.0,5.0,23.79597822416322,297352,80481,EA_x_ME_G-LON,True,v2.1,e5a6bad6c54a5460c25674dd0a9aa61a5c3bd3c6c48c054568829262744ccdd1,2026-05-28T22:26:24Z
EA_x_ME_G-RA,EA,ME,G-RA,same-slate-discriminator,same-slate,5,5.0,14.0,5.0,23.71730389994994,297352,80481,EA_x_ME_G-RA,True,v2.1,e5a6bad6c54a5460c25674dd0a9aa61a5c3bd3c6c48c054568829262744ccdd1,2026-05-28T22:26:24Z
EA_x_MO_G-AZ,EA,MO,G-AZ,same-slate-discriminator,same-slate,6,6.0,19.0,5.0,,297352,80481,EA_x_MO_G-AZ,True,v2.1,e5a6bad6c54a5460c25674dd0a9aa61a5c3bd3c6c48c054568829262744ccdd1,2026-05-28T22:26:24Z
EA_x_MO_G-LON,EA,MO,G-LON,same-slate-discriminator,same-slate,5,5.0,15.0,5.0,27.39115058936062,297352,80481,EA_x_MO_G-LON,True,v2.1,e5a6bad6c54a5460c25674dd0a9aa61a5c3bd3c6c48c054568829262744ccdd1,2026-05-28T22:26:24Z
EA_x_MO_G-RA,EA,MO,G-RA,same-slate-discriminator,same-slate,5,5.0,14.0,5.0,27.23374856774485,297352,80481,EA_x_MO_G-RA,True,v2.1,e5a6bad6c54a5460c25674dd0a9aa61a5c3bd3c6c48c054568829262744ccdd1,2026-05-28T22:26:24Z
EA_x_NE_G-AZ,EA,NE,G-AZ,same-slate-discriminator,same-slate,6,6.0,19.0,6.0,,297352,80481,EA_x_NE_G-AZ,True,v2.1,e5a6bad6c54a5460c25674dd0a9aa61a5c3bd3c6c48c054568829262744ccdd1,2026-05-28T22:26:24Z
EA_x_NE_G-LON,EA,NE,G-LON,same-slate-discriminator,same-slate,5,5.0,15.0,5.0,23.68722713265413,297352,80481,EA_x_NE_G-LON,True,v2.1,e5a6bad6c54a5460c25674dd0a9aa61a5c3bd3c6c48c054568829262744ccdd1,2026-05-28T22:26:24Z
EA_x_NE_G-RA,EA,NE,G-RA,same-slate-discriminator,same-slate,5,5.0,15.0,5.0,23.51911336902029,297352,80481,EA_x_NE_G-RA,True,v2.1,e5a6bad6c54a5460c25674dd0a9aa61a5c3bd3c6c48c054568829262744ccdd1,2026-05-28T22:26:24Z
EA_x_NN_G-AZ,EA,NN,G-AZ,same-slate-discriminator,same-slate,6,6.0,19.0,5.0,,297352,80481,EA_x_NN_G-AZ,True,v2.1,e5a6bad6c54a5460c25674dd0a9aa61a5c3bd3c6c48c054568829262744ccdd1,2026-05-28T22:26:24Z
EA_x_NN_G-LON,EA,NN,G-LON,same-slate-discriminator,same-slate,5,5.0,15.0,5.0,23.68409816319962,297352,80481,EA_x_NN_G-LON,True,v2.1,e5a6bad6c54a5460c25674dd0a9aa61a5c3bd3c6c48c054568829262744ccdd1,2026-05-28T22:26:24Z
EA_x_NN_G-RA,EA,NN,G-RA,same-slate-discriminator,same-slate,5,5.0,15.0,5.0,23.465433418617778,297352,80481,EA_x_NN_G-RA,True,v2.1,e5a6bad6c54a5460c25674dd0a9aa61a5c3bd3c6c48c054568829262744ccdd1,2026-05-28T22:26:24Z
EA_x_PA_G-AZ,EA,PA,G-AZ,same-slate-discriminator,same-slate,6,6.0,19.0,6.0,,297352,80481,EA_x_PA_G-AZ,True,v2.1,e5a6bad6c54a5460c25674dd0a9aa61a5c3bd3c6c48c054568829262744ccdd1,2026-05-28T22:26:24Z
EA_x_PA_G-LON,EA,PA,G-LON,same-slate-discriminator,same-slate,5,5.0,15.0,5.0,23.679315174840298,297352,80481,EA_x_PA_G-LON,True,v2.1,e5a6bad6c54a5460c25674dd0a9aa61a5c3bd3c6c48c054568829262744ccdd1,2026-05-28T22:26:24Z
EA_x_PA_G-RA,EA,PA,G-RA,same-slate-discriminator,same-slate,5,5.0,14.0,5.0,23.5,297352,80481,EA_x_PA_G-RA,True,v2.1,e5a6bad6c54a5460c25674dd0a9aa61a5c3bd3c6c48c054568829262744ccdd1,2026-05-28T22:26:24Z
EA_x_PL_G-AZ,EA,PL,G-AZ,same-slate-discriminator,same-slate,6,6.0,20.0,6.0,,297352,80481,EA_x_PL_G-AZ,True,v2.1,e5a6bad6c54a5460c25674dd0a9aa61a5c3bd3c6c48c054568829262744ccdd1,2026-05-28T22:26:24Z
EA_x_PL_G-LON,EA,PL,G-LON,same-slate-discriminator,same-slate,5,5.0,15.0,5.0,23.717077061939904,297352,80481,EA_x_PL_G-LON,True,v2.1,e5a6bad6c54a5460c25674dd0a9aa61a5c3bd3c6c48c054568829262744ccdd1,2026-05-28T22:26:24Z
EA_x_PL_G-RA,EA,PL,G-RA,same-slate-discriminator,same-slate,5,5.0,14.0,5.0,23.49008723851972,297352,80481,EA_x_PL_G-RA,True,v2.1,e5a6bad6c54a5460c25674dd0a9aa61a5c3bd3c6c48c054568829262744ccdd1,2026-05-28T22:26:24Z
EA_x_SA_G-AZ,EA,SA,G-AZ,same-slate-discriminator,same-slate,6,6.0,19.0,6.0,,297352,80481,EA_x_SA_G-AZ,True,v2.1,e5a6bad6c54a5460c25674dd0a9aa61a5c3bd3c6c48c054568829262744ccdd1,2026-05-28T22:26:24Z
EA_x_SA_G-LON,EA,SA,G-LON,same-slate-discriminator,same-slate,5,5.0,15.0,5.0,23.646649404180664,297352,80481,EA_x_SA_G-LON,True,v2.1,e5a6bad6c54a5460c25674dd0a9aa61a5c3bd3c6c48c054568829262744ccdd1,2026-05-28T22:26:24Z
EA_x_SA_G-RA,EA,SA,G-RA,same-slate-discriminator,same-slate,5,5.0,14.0,5.0,23.50000000000001,297352,80481,EA_x_SA_G-RA,True,v2.1,e5a6bad6c54a5460c25674dd0a9aa61a5c3bd3c6c48c054568829262744ccdd1,2026-05-28T22:26:24Z
EA_x_SU_G-LON,EA,SU,G-LON,same-slate-discriminator,same-slate,5,5.0,15.0,5.0,23.754567020811777,297352,80481,EA_x_SU_G-LON,True,v2.1,e5a6bad6c54a5460c25674dd0a9aa61a5c3bd3c6c48c054568829262744ccdd1,2026-05-28T22:26:24Z
EA_x_SU_G-RA,EA,SU,G-RA,same-slate-discriminator,same-slate,5,5.0,14.0,5.0,23.638422310871647,297352,80481,EA_x_SU_G-RA,True,v2.1,e5a6bad6c54a5460c25674dd0a9aa61a5c3bd3c6c48c054568829262744ccdd1,2026-05-28T22:26:24Z
EA_x_UR_G-AZ,EA,UR,G-AZ,same-slate-discriminator,same-slate,6,6.0,18.0,5.0,,297352,80481,EA_x_UR_G-AZ,True,v2.1,e5a6bad6c54a5460c25674dd0a9aa61a5c3bd3c6c48c054568829262744ccdd1,2026-05-28T22:26:24Z
EA_x_UR_G-LON,EA,UR,G-LON,same-slate-discriminator,same-slate,5,5.0,15.0,5.0,23.65430403840574,297352,80481,EA_x_UR_G-LON,True,v2.1,e5a6bad6c54a5460c25674dd0a9aa61a5c3bd3c6c48c054568829262744ccdd1,2026-05-28T22:26:24Z
EA_x_UR_G-RA,EA,UR,G-RA,same-slate-discriminator,same-slate,5,5.0,14.0,5.0,23.55680620020428,297352,80481,EA_x_UR_G-RA,True,v2.1,e5a6bad6c54a5460c25674dd0a9aa61a5c3bd3c6c48c054568829262744ccdd1,2026-05-28T22:26:24Z
EA_x_VE_G-AZ,EA,VE,G-AZ,same-slate-discriminator,same-slate,5,5.0,18.0,5.0,,297352,80481,EA_x_VE_G-AZ,True,v2.1,e5a6bad6c54a5460c25674dd0a9aa61a5c3bd3c6c48c054568829262744ccdd1,2026-05-28T22:26:24Z
EA_x_VE_G-LON,EA,VE,G-LON,same-slate-discriminator,same-slate,5,5.0,15.0,5.0,23.68409816319962,297352,80481,EA_x_VE_G-LON,True,v2.1,e5a6bad6c54a5460c25674dd0a9aa61a5c3bd3c6c48c054568829262744ccdd1,2026-05-28T22:26:24Z
EA_x_VE_G-RA,EA,VE,G-RA,same-slate-discriminator,same-slate,5,5.0,14.0,5.0,23.70482527164685,297352,80481,EA_x_VE_G-RA,True,v2.1,e5a6bad6c54a5460c25674dd0a9aa61a5c3bd3c6c48c054568829262744ccdd1,2026-05-28T22:26:24Z
EA_x_VS_G-AZ,EA,VS,G-AZ,same-slate-discriminator,same-slate,6,6.0,20.0,6.0,,297352,80481,EA_x_VS_G-AZ,True,v2.1,e5a6bad6c54a5460c25674dd0a9aa61a5c3bd3c6c48c054568829262744ccdd1,2026-05-28T22:26:24Z
EA_x_VS_G-LON,EA,VS,G-LON,same-slate-discriminator,same-slate,5,5.0,15.0,5.0,23.779285759191037,297352,80481,EA_x_VS_G-LON,True,v2.1,e5a6bad6c54a5460c25674dd0a9aa61a5c3bd3c6c48c054568829262744ccdd1,2026-05-28T22:26:24Z
EA_x_VS_G-RA,EA,VS,G-RA,same-slate-discriminator,same-slate,5,5.0,14.0,5.0,23.51203427208988,297352,80481,EA_x_VS_G-RA,True,v2.1,e5a6bad6c54a5460c25674dd0a9aa61a5c3bd3c6c48c054568829262744ccdd1,2026-05-28T22:26:24Z
EA_G-LON_x_MO_G-RA,EA G-LON,MO,G-LON_x_G-RA,same-slate-discriminator,same-slate,5,5.0,15.0,5.0,27.244101278070826,297352,80481,EA_G-LON_x_MO_G-RA,True,v2.1,e5a6bad6c54a5460c25674dd0a9aa61a5c3bd3c6c48c054568829262744ccdd1,2026-05-28T22:26:24Z
EA_G-RA_x_MO_G-LON,EA G-RA,MO,G-RA_x_G-LON,same-slate-discriminator,same-slate,5,5.0,14.0,5.0,27.34033566562253,297352,80481,EA_G-RA_x_MO_G-LON,True,v2.1,e5a6bad6c54a5460c25674dd0a9aa61a5c3bd3c6c48c054568829262744ccdd1,2026-05-28T22:26:24Z
MC_x_CE_G-LON,MC,CE,G-LON,same-slate-discriminator,same-slate,5,5.0,15.0,5.0,23.44406274230681,297352,80481,MC_x_CE_G-LON,True,v2.1,e5a6bad6c54a5460c25674dd0a9aa61a5c3bd3c6c48c054568829262744ccdd1,2026-05-28T22:26:24Z
MC_x_CE_G-RA,MC,CE,G-RA,same-slate-discriminator,same-slate,5,5.0,14.0,5.0,23.5,297352,80481,MC_x_CE_G-RA,True,v2.1,e5a6bad6c54a5460c25674dd0a9aa61a5c3bd3c6c48c054568829262744ccdd1,2026-05-28T22:26:24Z
MC_x_JN_G-LON,MC,JN,G-LON,same-slate-discriminator,same-slate,5,5.0,15.0,5.0,23.564049674280973,297352,80481,MC_x_JN_G-LON,True,v2.1,e5a6bad6c54a5460c25674dd0a9aa61a5c3bd3c6c48c054568829262744ccdd1,2026-05-28T22:26:24Z
MC_x_JN_G-RA,MC,JN,G-RA,same-slate-discriminator,same-slate,5,5.0,14.0,5.0,23.508147111260115,297352,80481,MC_x_JN_G-RA,True,v2.1,e5a6bad6c54a5460c25674dd0a9aa61a5c3bd3c6c48c054568829262744ccdd1,2026-05-28T22:26:24Z
MC_x_JU_G-LON,MC,JU,G-LON,same-slate-discriminator,same-slate,5,5.0,15.0,5.0,23.498135445050597,297352,80481,MC_x_JU_G-LON,True,v2.1,e5a6bad6c54a5460c25674dd0a9aa61a5c3bd3c6c48c054568829262744ccdd1,2026-05-28T22:26:24Z
MC_x_JU_G-RA,MC,JU,G-RA,same-slate-discriminator,same-slate,5,5.0,14.0,5.0,23.46565324831681,297352,80481,MC_x_JU_G-RA,True,v2.1,e5a6bad6c54a5460c25674dd0a9aa61a5c3bd3c6c48c054568829262744ccdd1,2026-05-28T22:26:24Z
MC_x_MA_G-LON,MC,MA,G-LON,same-slate-discriminator,same-slate,5,5.0,15.0,5.0,23.61476426939024,297352,80481,MC_x_MA_G-LON,True,v2.1,e5a6bad6c54a5460c25674dd0a9aa61a5c3bd3c6c48c054568829262744ccdd1,2026-05-28T22:26:24Z
MC_x_MA_G-RA,MC,MA,G-RA,same-slate-discriminator,same-slate,5,5.0,15.0,5.0,23.53658967851044,297352,80481,MC_x_MA_G-RA,True,v2.1,e5a6bad6c54a5460c25674dd0a9aa61a5c3bd3c6c48c054568829262744ccdd1,2026-05-28T22:26:24Z
MC_x_ME_G-LON,MC,ME,G-LON,same-slate-discriminator,same-slate,5,5.0,15.0,5.0,23.647962575832366,297352,80481,MC_x_ME_G-LON,True,v2.1,e5a6bad6c54a5460c25674dd0a9aa61a5c3bd3c6c48c054568829262744ccdd1,2026-05-28T22:26:24Z
MC_x_ME_G-RA,MC,ME,G-RA,same-slate-discriminator,same-slate,5,5.0,14.0,5.0,23.71730389994991,297352,80481,MC_x_ME_G-RA,True,v2.1,e5a6bad6c54a5460c25674dd0a9aa61a5c3bd3c6c48c054568829262744ccdd1,2026-05-28T22:26:24Z
MC_x_MO_G-LON,MC,MO,G-LON,same-slate-discriminator,same-slate,5,5.0,14.0,5.0,27.051002980932356,297352,80481,MC_x_MO_G-LON,True,v2.1,e5a6bad6c54a5460c25674dd0a9aa61a5c3bd3c6c48c054568829262744ccdd1,2026-05-28T22:26:24Z
MC_x_MO_G-RA,MC,MO,G-RA,same-slate-discriminator,same-slate,5,5.0,14.0,5.0,27.23374856774484,297352,80481,MC_x_MO_G-RA,True,v2.1,e5a6bad6c54a5460c25674dd0a9aa61a5c3bd3c6c48c054568829262744ccdd1,2026-05-28T22:26:24Z
MC_x_NE_G-LON,MC,NE,G-LON,same-slate-discriminator,same-slate,5,5.0,15.0,5.0,23.41760741283609,297352,80481,MC_x_NE_G-LON,True,v2.1,e5a6bad6c54a5460c25674dd0a9aa61a5c3bd3c6c48c054568829262744ccdd1,2026-05-28T22:26:24Z
MC_x_NE_G-RA,MC,NE,G-RA,same-slate-discriminator,same-slate,5,5.0,15.0,5.0,23.51911336902032,297352,80481,MC_x_NE_G-RA,True,v2.1,e5a6bad6c54a5460c25674dd0a9aa61a5c3bd3c6c48c054568829262744ccdd1,2026-05-28T22:26:24Z
MC_x_NN_G-LON,MC,NN,G-LON,same-slate-discriminator,same-slate,5,5.0,15.0,5.0,23.40724210387881,297352,80481,MC_x_NN_G-LON,True,v2.1,e5a6bad6c54a5460c25674dd0a9aa61a5c3bd3c6c48c054568829262744ccdd1,2026-05-28T22:26:24Z
MC_x_NN_G-RA,MC,NN,G-RA,same-slate-discriminator,same-slate,5,5.0,15.0,5.0,23.46543341861781,297352,80481,MC_x_NN_G-RA,True,v2.1,e5a6bad6c54a5460c25674dd0a9aa61a5c3bd3c6c48c054568829262744ccdd1,2026-05-28T22:26:24Z
MC_x_PA_G-LON,MC,PA,G-LON,same-slate-discriminator,same-slate,5,5.0,15.0,5.0,23.48843233907911,297352,80481,MC_x_PA_G-LON,True,v2.1,e5a6bad6c54a5460c25674dd0a9aa61a5c3bd3c6c48c054568829262744ccdd1,2026-05-28T22:26:24Z
MC_x_PA_G-RA,MC,PA,G-RA,same-slate-discriminator,same-slate,5,5.0,14.0,5.0,23.499999999999982,297352,80481,MC_x_PA_G-RA,True,v2.1,e5a6bad6c54a5460c25674dd0a9aa61a5c3bd3c6c48c054568829262744ccdd1,2026-05-28T22:26:24Z
MC_x_PL_G-LON,MC,PL,G-LON,same-slate-discriminator,same-slate,5,5.0,15.0,5.0,23.44361743294188,297352,80481,MC_x_PL_G-LON,True,v2.1,e5a6bad6c54a5460c25674dd0a9aa61a5c3bd3c6c48c054568829262744ccdd1,2026-05-28T22:26:24Z
MC_x_PL_G-RA,MC,PL,G-RA,same-slate-discriminator,same-slate,5,5.0,14.0,5.0,23.49008723851976,297352,80481,MC_x_PL_G-RA,True,v2.1,e5a6bad6c54a5460c25674dd0a9aa61a5c3bd3c6c48c054568829262744ccdd1,2026-05-28T22:26:24Z
MC_x_SA_G-LON,MC,SA,G-LON,same-slate-discriminator,same-slate,5,5.0,15.0,5.0,23.453146265411647,297352,80481,MC_x_SA_G-LON,True,v2.1,e5a6bad6c54a5460c25674dd0a9aa61a5c3bd3c6c48c054568829262744ccdd1,2026-05-28T22:26:24Z
MC_x_SA_G-RA,MC,SA,G-RA,same-slate-discriminator,same-slate,5,5.0,14.0,5.0,23.5,297352,80481,MC_x_SA_G-RA,True,v2.1,e5a6bad6c54a5460c25674dd0a9aa61a5c3bd3c6c48c054568829262744ccdd1,2026-05-28T22:26:24Z
MC_x_SU_G-LON,MC,SU,G-LON,same-slate-discriminator,same-slate,5,5.0,15.0,5.0,23.7389074941288,297352,80481,MC_x_SU_G-LON,True,v2.1,e5a6bad6c54a5460c25674dd0a9aa61a5c3bd3c6c48c054568829262744ccdd1,2026-05-28T22:26:24Z
MC_x_SU_G-RA,MC,SU,G-RA,same-slate-discriminator,same-slate,5,5.0,14.0,5.0,23.638422310871704,297352,80481,MC_x_SU_G-RA,True,v2.1,e5a6bad6c54a5460c25674dd0a9aa61a5c3bd3c6c48c054568829262744ccdd1,2026-05-28T22:26:24Z
MC_x_UR_G-LON,MC,UR,G-LON,same-slate-discriminator,same-slate,5,5.0,15.0,5.0,23.418110929446726,297352,80481,MC_x_UR_G-LON,True,v2.1,e5a6bad6c54a5460c25674dd0a9aa61a5c3bd3c6c48c054568829262744ccdd1,2026-05-28T22:26:24Z
MC_x_UR_G-RA,MC,UR,G-RA,same-slate-discriminator,same-slate,5,5.0,14.0,5.0,23.55680620020433,297352,80481,MC_x_UR_G-RA,True,v2.1,e5a6bad6c54a5460c25674dd0a9aa61a5c3bd3c6c48c054568829262744ccdd1,2026-05-28T22:26:24Z
MC_x_VE_G-LON,MC,VE,G-LON,same-slate-discriminator,same-slate,5,5.0,15.0,5.0,23.75511708306493,297352,80481,MC_x_VE_G-LON,True,v2.1,e5a6bad6c54a5460c25674dd0a9aa61a5c3bd3c6c48c054568829262744ccdd1,2026-05-28T22:26:24Z
MC_x_VE_G-RA,MC,VE,G-RA,same-slate-discriminator,same-slate,5,5.0,14.0,5.0,23.704825271646826,297352,80481,MC_x_VE_G-RA,True,v2.1,e5a6bad6c54a5460c25674dd0a9aa61a5c3bd3c6c48c054568829262744ccdd1,2026-05-28T22:26:24Z
MC_x_VS_G-LON,MC,VS,G-LON,same-slate-discriminator,same-slate,5,5.0,15.0,5.0,23.463069322326877,297352,80481,MC_x_VS_G-LON,True,v2.1,e5a6bad6c54a5460c25674dd0a9aa61a5c3bd3c6c48c054568829262744ccdd1,2026-05-28T22:26:24Z
MC_x_VS_G-RA,MC,VS,G-RA,same-slate-discriminator,same-slate,5,5.0,14.0,5.0,23.51203427208988,297352,80481,MC_x_VS_G-RA,True,v2.1,e5a6bad6c54a5460c25674dd0a9aa61a5c3bd3c6c48c054568829262744ccdd1,2026-05-28T22:26:24Z
MC_G-LON_x_MO_G-RA,MC G-LON,MO,G-LON_x_G-RA,same-slate-discriminator,same-slate,5,5.0,14.0,5.0,27.102168628898298,297352,80481,MC_G-LON_x_MO_G-RA,True,v2.1,e5a6bad6c54a5460c25674dd0a9aa61a5c3bd3c6c48c054568829262744ccdd1,2026-05-28T22:26:24Z
MC_G-RA_x_MO_G-LON,MC G-RA,MO,G-RA_x_G-LON,same-slate-discriminator,same-slate,5,5.0,14.0,5.0,27.34033566562252,297352,80481,MC_G-RA_x_MO_G-LON,True,v2.1,e5a6bad6c54a5460c25674dd0a9aa61a5c3bd3c6c48c054568829262744ccdd1,2026-05-28T22:26:24Z
VX_x_CE_G-LON,VX,CE,G-LON,same-slate-discriminator,same-slate,6,6.0,23.0,6.0,21.693254685556557,297352,80481,VX_x_CE_G-LON,True,v2.1,e5a6bad6c54a5460c25674dd0a9aa61a5c3bd3c6c48c054568829262744ccdd1,2026-05-28T22:26:24Z
VX_x_CE_G-RA,VX,CE,G-RA,same-slate-discriminator,same-slate,6,6.0,24.0,6.0,21.634609701486816,297352,80481,VX_x_CE_G-RA,True,v2.1,e5a6bad6c54a5460c25674dd0a9aa61a5c3bd3c6c48c054568829262744ccdd1,2026-05-28T22:26:24Z
VX_x_JN_G-LON,VX,JN,G-LON,same-slate-discriminator,same-slate,6,6.0,23.0,6.0,21.712664564175057,297352,80481,VX_x_JN_G-LON,True,v2.1,e5a6bad6c54a5460c25674dd0a9aa61a5c3bd3c6c48c054568829262744ccdd1,2026-05-28T22:26:24Z
VX_x_JN_G-RA,VX,JN,G-RA,same-slate-discriminator,same-slate,6,6.0,24.0,6.0,21.67984319437676,297352,80481,VX_x_JN_G-RA,True,v2.1,e5a6bad6c54a5460c25674dd0a9aa61a5c3bd3c6c48c054568829262744ccdd1,2026-05-28T22:26:24Z
VX_x_JU_G-LON,VX,JU,G-LON,same-slate-discriminator,same-slate,6,6.0,23.0,6.0,21.84735720202579,297352,80481,VX_x_JU_G-LON,True,v2.1,e5a6bad6c54a5460c25674dd0a9aa61a5c3bd3c6c48c054568829262744ccdd1,2026-05-28T22:26:24Z
VX_x_JU_G-RA,VX,JU,G-RA,same-slate-discriminator,same-slate,6,6.0,24.0,6.0,21.541413692951966,297352,80481,VX_x_JU_G-RA,True,v2.1,e5a6bad6c54a5460c25674dd0a9aa61a5c3bd3c6c48c054568829262744ccdd1,2026-05-28T22:26:24Z
VX_x_MA_G-LON,VX,MA,G-LON,same-slate-discriminator,same-slate,6,6.0,23.0,6.0,21.753942953666893,297352,80481,VX_x_MA_G-LON,True,v2.1,e5a6bad6c54a5460c25674dd0a9aa61a5c3bd3c6c48c054568829262744ccdd1,2026-05-28T22:26:24Z
VX_x_MA_G-RA,VX,MA,G-RA,same-slate-discriminator,same-slate,6,6.0,24.0,6.0,21.742707672433426,297352,80481,VX_x_MA_G-RA,True,v2.1,e5a6bad6c54a5460c25674dd0a9aa61a5c3bd3c6c48c054568829262744ccdd1,2026-05-28T22:26:24Z
VX_x_ME_G-LON,VX,ME,G-LON,same-slate-discriminator,same-slate,6,6.0,23.0,6.0,21.70896678350401,297352,80481,VX_x_ME_G-LON,True,v2.1,e5a6bad6c54a5460c25674dd0a9aa61a5c3bd3c6c48c054568829262744ccdd1,2026-05-28T22:26:24Z
VX_x_ME_G-RA,VX,ME,G-RA,same-slate-discriminator,same-slate,6,6.0,24.0,6.0,21.68940779096984,297352,80481,VX_x_ME_G-RA,True,v2.1,e5a6bad6c54a5460c25674dd0a9aa61a5c3bd3c6c48c054568829262744ccdd1,2026-05-28T22:26:24Z
VX_x_MO_G-LON,VX,MO,G-LON,same-slate-discriminator,same-slate,6,6.0,23.0,6.0,25.895684702137203,297352,80481,VX_x_MO_G-LON,True,v2.1,e5a6bad6c54a5460c25674dd0a9aa61a5c3bd3c6c48c054568829262744ccdd1,2026-05-28T22:26:24Z
VX_x_MO_G-RA,VX,MO,G-RA,same-slate-discriminator,same-slate,6,6.0,24.0,5.0,25.84791171572513,297352,80481,VX_x_MO_G-RA,True,v2.1,e5a6bad6c54a5460c25674dd0a9aa61a5c3bd3c6c48c054568829262744ccdd1,2026-05-28T22:26:24Z
VX_x_NE_G-LON,VX,NE,G-LON,same-slate-discriminator,same-slate,6,6.0,23.0,6.0,21.78704241558262,297352,80481,VX_x_NE_G-LON,True,v2.1,e5a6bad6c54a5460c25674dd0a9aa61a5c3bd3c6c48c054568829262744ccdd1,2026-05-28T22:26:24Z
VX_x_NE_G-RA,VX,NE,G-RA,same-slate-discriminator,same-slate,6,6.0,24.0,6.0,21.60307613890177,297352,80481,VX_x_NE_G-RA,True,v2.1,e5a6bad6c54a5460c25674dd0a9aa61a5c3bd3c6c48c054568829262744ccdd1,2026-05-28T22:26:24Z
VX_x_NN_G-LON,VX,NN,G-LON,same-slate-discriminator,same-slate,6,6.0,23.0,6.0,21.732568712692107,297352,80481,VX_x_NN_G-LON,True,v2.1,e5a6bad6c54a5460c25674dd0a9aa61a5c3bd3c6c48c054568829262744ccdd1,2026-05-28T22:26:24Z
VX_x_NN_G-RA,VX,NN,G-RA,same-slate-discriminator,same-slate,6,6.0,24.0,6.0,21.671620516113528,297352,80481,VX_x_NN_G-RA,True,v2.1,e5a6bad6c54a5460c25674dd0a9aa61a5c3bd3c6c48c054568829262744ccdd1,2026-05-28T22:26:24Z
VX_x_PA_G-LON,VX,PA,G-LON,same-slate-discriminator,same-slate,6,6.0,23.0,6.0,21.78261154871444,297352,80481,VX_x_PA_G-LON,True,v2.1,e5a6bad6c54a5460c25674dd0a9aa61a5c3bd3c6c48c054568829262744ccdd1,2026-05-28T22:26:24Z
VX_x_PA_G-RA,VX,PA,G-RA,same-slate-discriminator,same-slate,6,6.0,24.0,6.0,21.66828734119474,297352,80481,VX_x_PA_G-RA,True,v2.1,e5a6bad6c54a5460c25674dd0a9aa61a5c3bd3c6c48c054568829262744ccdd1,2026-05-28T22:26:24Z
VX_x_PL_G-LON,VX,PL,G-LON,same-slate-discriminator,same-slate,6,6.0,23.0,6.0,21.725565890954,297352,80481,VX_x_PL_G-LON,True,v2.1,e5a6bad6c54a5460c25674dd0a9aa61a5c3bd3c6c48c054568829262744ccdd1,2026-05-28T22:26:24Z
VX_x_PL_G-RA,VX,PL,G-RA,same-slate-discriminator,same-slate,6,6.0,24.0,6.0,21.5,297352,80481,VX_x_PL_G-RA,True,v2.1,e5a6bad6c54a5460c25674dd0a9aa61a5c3bd3c6c48c054568829262744ccdd1,2026-05-28T22:26:24Z
VX_x_SA_G-LON,VX,SA,G-LON,same-slate-discriminator,same-slate,6,6.0,23.0,6.0,21.701853067580927,297352,80481,VX_x_SA_G-LON,True,v2.1,e5a6bad6c54a5460c25674dd0a9aa61a5c3bd3c6c48c054568829262744ccdd1,2026-05-28T22:26:24Z
VX_x_SA_G-RA,VX,SA,G-RA,same-slate-discriminator,same-slate,6,6.0,24.0,6.0,21.59087301981253,297352,80481,VX_x_SA_G-RA,True,v2.1,e5a6bad6c54a5460c25674dd0a9aa61a5c3bd3c6c48c054568829262744ccdd1,2026-05-28T22:26:24Z
VX_x_SU_G-LON,VX,SU,G-LON,same-slate-discriminator,same-slate,6,6.0,23.0,6.0,21.733899246989157,297352,80481,VX_x_SU_G-LON,True,v2.1,e5a6bad6c54a5460c25674dd0a9aa61a5c3bd3c6c48c054568829262744ccdd1,2026-05-28T22:26:24Z
VX_x_SU_G-RA,VX,SU,G-RA,same-slate-discriminator,same-slate,6,6.0,24.0,6.0,21.809152918460427,297352,80481,VX_x_SU_G-RA,True,v2.1,e5a6bad6c54a5460c25674dd0a9aa61a5c3bd3c6c48c054568829262744ccdd1,2026-05-28T22:26:24Z
VX_x_UR_G-LON,VX,UR,G-LON,same-slate-discriminator,same-slate,6,6.0,23.0,6.0,21.66026953060782,297352,80481,VX_x_UR_G-LON,True,v2.1,e5a6bad6c54a5460c25674dd0a9aa61a5c3bd3c6c48c054568829262744ccdd1,2026-05-28T22:26:24Z
VX_x_UR_G-RA,VX,UR,G-RA,same-slate-discriminator,same-slate,6,6.0,24.0,6.0,21.51801093570617,297352,80481,VX_x_UR_G-RA,True,v2.1,e5a6bad6c54a5460c25674dd0a9aa61a5c3bd3c6c48c054568829262744ccdd1,2026-05-28T22:26:24Z
VX_x_VE_G-LON,VX,VE,G-LON,same-slate-discriminator,same-slate,6,6.0,23.0,6.0,21.741622937484195,297352,80481,VX_x_VE_G-LON,True,v2.1,e5a6bad6c54a5460c25674dd0a9aa61a5c3bd3c6c48c054568829262744ccdd1,2026-05-28T22:26:24Z
VX_x_VE_G-RA,VX,VE,G-RA,same-slate-discriminator,same-slate,6,6.0,24.0,6.0,21.87824897895257,297352,80481,VX_x_VE_G-RA,True,v2.1,e5a6bad6c54a5460c25674dd0a9aa61a5c3bd3c6c48c054568829262744ccdd1,2026-05-28T22:26:24Z
VX_x_VS_G-LON,VX,VS,G-LON,same-slate-discriminator,same-slate,6,6.0,23.0,6.0,21.724572415997244,297352,80481,VX_x_VS_G-LON,True,v2.1,e5a6bad6c54a5460c25674dd0a9aa61a5c3bd3c6c48c054568829262744ccdd1,2026-05-28T22:26:24Z
VX_x_VS_G-RA,VX,VS,G-RA,same-slate-discriminator,same-slate,6,6.0,24.0,6.0,21.53052744457919,297352,80481,VX_x_VS_G-RA,True,v2.1,e5a6bad6c54a5460c25674dd0a9aa61a5c3bd3c6c48c054568829262744ccdd1,2026-05-28T22:26:24Z
VX_G-LON_x_MO_G-RA,VX G-LON,MO,G-LON_x_G-RA,same-slate-discriminator,same-slate,6,6.0,23.0,6.0,25.830737511894423,297352,80481,VX_G-LON_x_MO_G-RA,True,v2.1,e5a6bad6c54a5460c25674dd0a9aa61a5c3bd3c6c48c054568829262744ccdd1,2026-05-28T22:26:24Z
VX_G-RA_x_MO_G-LON,VX G-RA,MO,G-RA_x_G-LON,same-slate-discriminator,same-slate,6,6.0,24.0,5.0,25.97134579664217,297352,80481,VX_G-RA_x_MO_G-LON,True,v2.1,e5a6bad6c54a5460c25674dd0a9aa61a5c3bd3c6c48c054568829262744ccdd1,2026-05-28T22:26:24Z
Asc_x_PFdn_G-LON,Asc,PFdn,G-LON,slow-contextual,between-day-only,,0.0,1.0,,12.193744628790398,297352,80481,Asc_x_PFdn_G-LON,True,v2.1,e5a6bad6c54a5460c25674dd0a9aa61a5c3bd3c6c48c054568829262744ccdd1,2026-05-28T22:26:24Z
Asc_x_PFdn_G-RA,Asc,PFdn,G-RA,slow-contextual,between-day-only,,0.0,2.0,,12.236758364622226,297352,80481,Asc_x_PFdn_G-RA,True,v2.1,e5a6bad6c54a5460c25674dd0a9aa61a5c3bd3c6c48c054568829262744ccdd1,2026-05-28T22:26:24Z
Asc_x_PFff_G-LON,Asc,PFff,G-LON,slow-contextual,between-day-only,,0.0,0.0,,12.0,297352,80481,Asc_x_PFff_G-LON,True,v2.1,e5a6bad6c54a5460c25674dd0a9aa61a5c3bd3c6c48c054568829262744ccdd1,2026-05-28T22:26:24Z
Asc_x_PFff_G-RA,Asc,PFff,G-RA,slow-contextual,between-day-only,,0.0,1.0,,12.000000000000004,297352,80481,Asc_x_PFff_G-RA,True,v2.1,e5a6bad6c54a5460c25674dd0a9aa61a5c3bd3c6c48c054568829262744ccdd1,2026-05-28T22:26:24Z
MO_x_CE_G-LON,MO,CE,G-LON,slow-contextual,between-day-only,,0.0,1.0,,12.799990953913408,297352,80481,MO_x_CE_G-LON,True,v2.1,e5a6bad6c54a5460c25674dd0a9aa61a5c3bd3c6c48c054568829262744ccdd1,2026-05-28T22:26:24Z
MO_x_CE_G-RA,MO,CE,G-RA,slow-contextual,between-day-only,,0.0,1.0,,12.78570518222628,297352,80481,MO_x_CE_G-RA,True,v2.1,e5a6bad6c54a5460c25674dd0a9aa61a5c3bd3c6c48c054568829262744ccdd1,2026-05-28T22:26:24Z
MO_x_JN_G-LON,MO,JN,G-LON,slow-contextual,between-day-only,,0.0,1.0,,12.800016653112834,297352,80481,MO_x_JN_G-LON,True,v2.1,e5a6bad6c54a5460c25674dd0a9aa61a5c3bd3c6c48c054568829262744ccdd1,2026-05-28T22:26:24Z
MO_x_JN_G-RA,MO,JN,G-RA,slow-contextual,between-day-only,,0.0,1.0,,12.783199569535071,297352,80481,MO_x_JN_G-RA,True,v2.1,e5a6bad6c54a5460c25674dd0a9aa61a5c3bd3c6c48c054568829262744ccdd1,2026-05-28T22:26:24Z
MO_x_JU_G-LON,MO,JU,G-LON,slow-contextual,between-day-only,,0.0,1.0,,12.933330655567914,297352,80481,MO_x_JU_G-LON,True,v2.1,e5a6bad6c54a5460c25674dd0a9aa61a5c3bd3c6c48c054568829262744ccdd1,2026-05-28T22:26:24Z
MO_x_JU_G-RA,MO,JU,G-RA,slow-contextual,between-day-only,,0.0,1.0,,12.933391711924742,297352,80481,MO_x_JU_G-RA,True,v2.1,e5a6bad6c54a5460c25674dd0a9aa61a5c3bd3c6c48c054568829262744ccdd1,2026-05-28T22:26:24Z
MO_x_MA_G-LON,MO,MA,G-LON,slow-contextual,between-day-only,,0.0,1.0,,12.466731186721264,297352,80481,MO_x_MA_G-LON,True,v2.1,e5a6bad6c54a5460c25674dd0a9aa61a5c3bd3c6c48c054568829262744ccdd1,2026-05-28T22:26:24Z
MO_x_MA_G-RA,MO,MA,G-RA,slow-contextual,between-day-only,,0.0,1.0,,12.466709150261067,297352,80481,MO_x_MA_G-RA,True,v2.1,e5a6bad6c54a5460c25674dd0a9aa61a5c3bd3c6c48c054568829262744ccdd1,2026-05-28T22:26:24Z
MO_x_ME_G-LON,MO,ME,G-LON,slow-contextual,between-day-only,,0.0,1.0,,11.999999999999972,297352,80481,MO_x_ME_G-LON,True,v2.1,e5a6bad6c54a5460c25674dd0a9aa61a5c3bd3c6c48c054568829262744ccdd1,2026-05-28T22:26:24Z
MO_x_ME_G-RA,MO,ME,G-RA,slow-contextual,between-day-only,,0.0,1.0,,12.0,297352,80481,MO_x_ME_G-RA,True,v2.1,e5a6bad6c54a5460c25674dd0a9aa61a5c3bd3c6c48c054568829262744ccdd1,2026-05-28T22:26:24Z
MO_x_NE_G-LON,MO,NE,G-LON,slow-contextual,between-day-only,,0.0,1.0,,13.0,297352,80481,MO_x_NE_G-LON,True,v2.1,e5a6bad6c54a5460c25674dd0a9aa61a5c3bd3c6c48c054568829262744ccdd1,2026-05-28T22:26:24Z
MO_x_NE_G-RA,MO,NE,G-RA,slow-contextual,between-day-only,,0.0,1.0,,13.0,297352,80481,MO_x_NE_G-RA,True,v2.1,e5a6bad6c54a5460c25674dd0a9aa61a5c3bd3c6c48c054568829262744ccdd1,2026-05-28T22:26:24Z
MO_x_NN_G-LON,MO,NN,G-LON,slow-contextual,between-day-only,,0.0,1.0,,13.0,297352,80481,MO_x_NN_G-LON,True,v2.1,e5a6bad6c54a5460c25674dd0a9aa61a5c3bd3c6c48c054568829262744ccdd1,2026-05-28T22:26:24Z
MO_x_NN_G-RA,MO,NN,G-RA,slow-contextual,between-day-only,,0.0,1.0,,13.000000000000028,297352,80481,MO_x_NN_G-RA,True,v2.1,e5a6bad6c54a5460c25674dd0a9aa61a5c3bd3c6c48c054568829262744ccdd1,2026-05-28T22:26:24Z
MO_x_PA_G-LON,MO,PA,G-LON,slow-contextual,between-day-only,,0.0,1.0,,12.799974557684834,297352,80481,MO_x_PA_G-LON,True,v2.1,e5a6bad6c54a5460c25674dd0a9aa61a5c3bd3c6c48c054568829262744ccdd1,2026-05-28T22:26:24Z
MO_x_PA_G-RA,MO,PA,G-RA,slow-contextual,between-day-only,,0.0,1.0,,12.80441403201462,297352,80481,MO_x_PA_G-RA,True,v2.1,e5a6bad6c54a5460c25674dd0a9aa61a5c3bd3c6c48c054568829262744ccdd1,2026-05-28T22:26:24Z
MO_x_PL_G-LON,MO,PL,G-LON,slow-contextual,between-day-only,,0.0,1.0,,13.0,297352,80481,MO_x_PL_G-LON,True,v2.1,e5a6bad6c54a5460c25674dd0a9aa61a5c3bd3c6c48c054568829262744ccdd1,2026-05-28T22:26:24Z
MO_x_PL_G-RA,MO,PL,G-RA,slow-contextual,between-day-only,,0.0,1.0,,13.0,297352,80481,MO_x_PL_G-RA,True,v2.1,e5a6bad6c54a5460c25674dd0a9aa61a5c3bd3c6c48c054568829262744ccdd1,2026-05-28T22:26:24Z
MO_x_SA_G-LON,MO,SA,G-LON,slow-contextual,between-day-only,,0.0,1.0,,12.993900351971906,297352,80481,MO_x_SA_G-LON,True,v2.1,e5a6bad6c54a5460c25674dd0a9aa61a5c3bd3c6c48c054568829262744ccdd1,2026-05-28T22:26:24Z
MO_x_SA_G-RA,MO,SA,G-RA,slow-contextual,between-day-only,,0.0,1.0,,13.0,297352,80481,MO_x_SA_G-RA,True,v2.1,e5a6bad6c54a5460c25674dd0a9aa61a5c3bd3c6c48c054568829262744ccdd1,2026-05-28T22:26:24Z
MO_x_SU_G-LON,MO,SU,G-LON,slow-contextual,between-day-only,,0.0,0.0,,12.0,297352,80481,MO_x_SU_G-LON,True,v2.1,e5a6bad6c54a5460c25674dd0a9aa61a5c3bd3c6c48c054568829262744ccdd1,2026-05-28T22:26:24Z
MO_x_SU_G-RA,MO,SU,G-RA,slow-contextual,between-day-only,,0.0,0.0,,12.000000000000028,297352,80481,MO_x_SU_G-RA,True,v2.1,e5a6bad6c54a5460c25674dd0a9aa61a5c3bd3c6c48c054568829262744ccdd1,2026-05-28T22:26:24Z
MO_x_UR_G-LON,MO,UR,G-LON,slow-contextual,between-day-only,,0.0,1.0,,12.999999999999998,297352,80481,MO_x_UR_G-LON,True,v2.1,e5a6bad6c54a5460c25674dd0a9aa61a5c3bd3c6c48c054568829262744ccdd1,2026-05-28T22:26:24Z
MO_x_UR_G-RA,MO,UR,G-RA,slow-contextual,between-day-only,,0.0,1.0,,13.0,297352,80481,MO_x_UR_G-RA,True,v2.1,e5a6bad6c54a5460c25674dd0a9aa61a5c3bd3c6c48c054568829262744ccdd1,2026-05-28T22:26:24Z
MO_x_VE_G-LON,MO,VE,G-LON,slow-contextual,between-day-only,,0.0,1.0,,12.0,297352,80481,MO_x_VE_G-LON,True,v2.1,e5a6bad6c54a5460c25674dd0a9aa61a5c3bd3c6c48c054568829262744ccdd1,2026-05-28T22:26:24Z
MO_x_VE_G-RA,MO,VE,G-RA,slow-contextual,between-day-only,,0.0,0.0,,11.999999999999943,297352,80481,MO_x_VE_G-RA,True,v2.1,e5a6bad6c54a5460c25674dd0a9aa61a5c3bd3c6c48c054568829262744ccdd1,2026-05-28T22:26:24Z
MO_x_VS_G-LON,MO,VS,G-LON,slow-contextual,between-day-only,,0.0,1.0,,12.733416782898331,297352,80481,MO_x_VS_G-LON,True,v2.1,e5a6bad6c54a5460c25674dd0a9aa61a5c3bd3c6c48c054568829262744ccdd1,2026-05-28T22:26:24Z
MO_x_VS_G-RA,MO,VS,G-RA,slow-contextual,between-day-only,,0.0,1.0,,12.733432213964193,297352,80481,MO_x_VS_G-RA,True,v2.1,e5a6bad6c54a5460c25674dd0a9aa61a5c3bd3c6c48c054568829262744ccdd1,2026-05-28T22:26:24Z
